2021-10-01 10:24:47.006843,True
2021-10-01 19:20:13.337127,False
2021-10-01 19:28:06.353135,False
2021-10-01 19:35:56.380919,False
2021-10-01 19:43:46.422726,False
2021-10-01 19:51:35.748829,False
2021-10-01 19:59:30.312644,False
2021-10-01 20:07:21.636435,False
2021-10-01 20:15:12.392051,False
2021-10-01 20:23:04.393113,False
2021-10-01 20:30:57.909627,False
2021-10-01 20:38:47.130743,False
2021-10-01 20:46:43.321814,False
2021-10-01 20:54:34.554403,False
2021-10-01 21:02:28.264723,False
2021-10-01 21:10:23.193480,False
2021-10-01 22:23:53.508198,False
2021-10-01 22:31:46.972344,False
2021-10-01 22:39:41.281832,False
2021-10-01 22:47:30.228010,False
2021-10-01 22:55:20.548158,False
2021-10-01 23:03:10.250023,False
2021-10-01 23:11:00.690444,False
2021-10-01 23:18:51.977851,False
2021-10-01 23:26:43.281968,False
2021-10-01 23:34:32.346497,False
2021-10-01 23:42:21.436751,False
2021-10-01 23:50:10.867141,False
2021-10-01 23:57:58.679209,False
2021-10-02 00:05:48.644392,False
2021-10-02 00:13:36.444526,False
2021-10-02 00:21:26.259430,False
2021-10-02 00:29:17.356210,False
2021-10-02 00:37:08.126025,False
2021-10-02 00:44:55.966934,False
2021-10-02 00:52:48.511519,False
2021-10-02 01:00:39.483860,False
2021-10-02 01:08:26.493392,False
2021-10-02 01:16:18.297122,False
2021-10-02 01:24:11.016531,False
2021-10-02 01:32:03.002670,False
2021-10-02 01:39:53.642811,False
2021-10-02 01:47:42.111792,False
2021-10-02 01:55:35.973548,False
2021-10-02 02:03:28.818790,False
2021-10-02 02:11:22.001321,False
2021-10-02 02:19:11.959964,False
2021-10-02 02:27:01.778163,False
2021-10-02 02:34:55.338874,False
2021-10-02 02:42:44.972981,False
2021-10-02 02:50:31.988060,False
2021-10-02 02:58:23.216229,False
2021-10-02 03:06:12.768921,False
2021-10-02 03:14:05.069022,False
2021-10-02 03:21:56.505466,False
2021-10-02 03:29:45.450442,False
2021-10-02 03:37:35.164162,False
2021-10-02 03:45:28.054434,False
2021-10-02 03:53:17.638913,False
2021-10-02 04:01:08.520362,False
2021-10-02 04:08:55.607418,False
2021-10-02 04:16:44.084491,False
2021-10-02 04:24:34.550363,False
2021-10-02 04:32:22.947137,False
2021-10-02 04:40:17.364740,False
2021-10-02 04:48:07.746960,False
2021-10-02 04:55:57.448913,False
2021-10-02 05:03:47.036995,False
2021-10-02 05:11:40.000368,False
2021-10-02 05:19:29.593757,False
2021-10-02 05:27:21.925294,False
2021-10-02 05:35:12.180796,False
2021-10-02 05:43:01.865204,False
2021-10-02 05:50:50.957694,False
2021-10-02 05:58:41.470385,False
2021-10-02 06:06:30.471655,True
2021-10-02 06:15:40.716380,True
2021-10-02 06:23:31.408590,True
2021-10-02 06:31:22.592259,True
2021-10-02 06:39:13.023564,True
2021-10-02 06:47:00.258264,True
2021-10-02 06:54:50.110995,True
2021-10-02 07:02:42.584540,True
2021-10-02 07:10:36.196231,True
2021-10-02 07:18:27.251511,True
2021-10-02 07:26:18.639062,True
2021-10-02 07:34:07.728244,True
2021-10-02 07:41:56.913428,True
2021-10-02 07:49:49.785810,True
2021-10-02 07:57:38.901426,True
2021-10-02 08:05:37.076331,True
2021-10-02 08:13:32.754343,True
2021-10-02 08:21:25.823932,True
2021-10-02 08:29:16.977192,True
2021-10-02 08:37:07.729274,True
2021-10-02 08:44:59.493091,True
2021-10-02 08:52:52.817011,True
2021-10-02 09:00:42.592936,True
2021-10-02 09:08:36.344233,True
2021-10-02 09:16:29.843611,True
2021-10-02 09:24:23.237649,True
2021-10-02 09:32:13.052776,True
2021-10-02 09:40:08.478375,True
2021-10-02 09:47:59.761773,True
2021-10-02 09:55:51.005022,True
2021-10-02 10:03:41.899666,True
2021-10-02 10:11:34.494027,True
2021-10-02 10:19:27.590361,True
2021-10-02 10:27:23.853074,True
2021-10-02 10:35:14.961720,True
2021-10-02 10:43:12.055564,True
2021-10-02 10:51:02.006803,True
2021-10-02 10:58:56.568404,True
2021-10-02 11:06:53.293684,True
2021-10-02 11:14:43.580036,True
2021-10-02 11:22:34.665613,True
2021-10-02 11:30:28.287403,True
2021-10-02 11:38:19.005130,True
2021-10-02 11:46:13.647686,True
2021-10-02 11:54:10.024023,True
2021-10-02 12:02:00.552835,True
2021-10-02 12:09:51.244721,True
2021-10-02 12:17:40.772088,True
2021-10-02 12:25:32.844726,True
2021-10-02 12:33:23.712277,True
2021-10-02 12:41:17.804219,True
2021-10-02 12:49:09.842364,True
2021-10-02 12:56:57.893123,True
2021-10-02 13:04:51.389456,True
2021-10-02 13:12:46.391387,True
2021-10-02 13:20:36.229281,True
2021-10-02 13:28:27.330720,True
2021-10-02 13:36:19.148719,True
2021-10-02 13:44:06.263392,True
2021-10-02 13:51:56.355158,True
2021-10-02 13:59:48.067898,True
2021-10-02 14:07:41.977606,True
2021-10-02 14:15:31.409943,True
2021-10-02 14:23:26.221131,True
2021-10-02 14:31:17.822819,True
2021-10-02 14:39:10.481277,True
2021-10-02 14:47:05.376476,True
2021-10-02 14:55:01.286274,True
2021-10-02 15:02:52.595969,True
2021-10-02 15:10:45.084170,True
2021-10-02 15:18:32.699165,True
2021-10-02 15:26:27.816990,True
2021-10-02 15:34:21.963064,True
2021-10-02 15:42:12.137892,True
2021-10-02 15:50:00.778309,True
2021-10-02 15:57:51.364342,True
2021-10-02 16:05:38.381952,True
2021-10-02 16:13:32.284649,True
2021-10-02 16:21:25.843885,True
2021-10-02 16:29:19.152407,True
2021-10-02 16:37:13.418653,True
2021-10-02 16:45:06.495631,True
2021-10-02 16:52:57.841910,True
2021-10-02 17:00:48.699594,False
2021-10-02 17:08:37.964751,False
2021-10-02 17:16:26.546852,False
2021-10-02 17:24:18.400909,False
2021-10-02 17:32:10.839298,False
2021-10-02 17:40:01.886688,False
2021-10-02 17:47:53.221946,False
2021-10-02 17:55:43.112586,False
2021-10-02 18:03:35.907955,False
2021-10-02 18:11:24.942749,False
2021-10-02 18:19:15.489209,False
2021-10-02 18:27:03.801006,False
2021-10-02 18:34:52.029239,False
2021-10-02 18:42:41.978724,False
2021-10-02 18:50:30.023895,False
2021-10-02 18:58:19.211959,False
2021-10-02 19:06:06.321391,False
2021-10-02 19:13:58.019776,False
2021-10-02 19:21:47.230703,False
2021-10-02 19:29:38.911822,False
2021-10-02 19:37:29.570670,False
2021-10-02 19:45:21.489362,False
2021-10-02 19:53:10.998570,False
2021-10-02 20:00:59.919583,False
2021-10-02 20:08:54.410285,False
2021-10-02 20:16:44.539130,False
2021-10-02 20:24:34.565784,False
2021-10-02 20:32:25.079985,False
2021-10-02 20:40:15.525507,False
2021-10-02 20:48:09.860072,False
2021-10-02 20:56:01.805115,False
2021-10-02 21:03:52.653239,False
2021-10-02 21:11:41.220585,False
2021-10-02 21:19:32.355207,False
2021-10-02 21:27:20.834101,False
2021-10-02 21:35:11.947040,False
2021-10-02 21:43:02.097780,False
2021-10-02 21:50:54.466201,False
2021-10-02 21:58:41.058358,False
2021-10-02 22:06:25.409931,False
2021-10-02 22:14:18.755235,False
2021-10-02 22:22:07.971921,False
2021-10-02 22:29:58.339575,False
2021-10-02 22:37:47.406238,False
2021-10-02 22:45:38.240910,False
2021-10-02 22:53:29.688446,False
2021-10-02 23:01:21.565555,False
2021-10-02 23:09:10.908419,False
2021-10-02 23:17:00.788468,False
2021-10-02 23:24:51.388461,False
2021-10-02 23:32:41.997158,False
2021-10-02 23:40:34.016160,False
2021-10-02 23:48:25.871589,False
2021-10-02 23:56:17.009076,False
2021-10-03 00:04:07.840352,False
2021-10-03 00:11:59.050719,False
2021-10-03 00:19:51.557925,False
2021-10-03 00:27:46.190991,False
2021-10-03 00:35:37.464702,False
2021-10-03 00:43:28.912407,False
2021-10-03 00:51:17.427377,False
2021-10-03 00:59:08.208440,False
2021-10-03 01:06:59.223343,False
2021-10-03 01:14:47.780974,False
2021-10-03 01:22:36.576315,False
2021-10-03 01:30:27.734025,False
2021-10-03 01:38:16.171686,False
2021-10-03 01:46:07.998645,False
2021-10-03 01:53:56.139634,False
2021-10-03 02:01:45.410915,False
2021-10-03 02:09:35.662305,False
2021-10-03 02:17:27.082531,False
2021-10-03 02:25:19.643580,False
2021-10-03 02:33:08.420399,False
2021-10-03 02:40:58.836263,False
2021-10-03 02:48:50.269284,False
2021-10-03 02:56:39.245677,False
2021-10-03 03:04:29.951584,False
2021-10-03 03:12:17.000729,False
2021-10-03 03:20:08.220447,False
2021-10-03 03:27:59.186496,False
2021-10-03 03:35:51.285813,False
2021-10-03 03:43:39.630853,False
2021-10-03 03:51:28.272775,False
2021-10-03 03:59:17.823214,False
2021-10-03 04:07:07.535079,False
2021-10-03 04:14:59.186014,False
2021-10-03 04:22:50.395291,False
2021-10-03 04:30:40.254065,False
2021-10-03 04:38:31.084813,False
2021-10-03 04:46:21.084297,False
2021-10-03 04:54:13.689775,False
2021-10-03 05:02:04.512622,False
2021-10-03 05:09:54.545070,False
2021-10-03 05:17:45.827155,False
2021-10-03 05:25:35.922310,False
2021-10-03 05:33:25.842114,False
2021-10-03 05:41:20.951750,False
2021-10-03 05:49:10.003799,False
2021-10-03 05:56:59.753530,False
2021-10-03 06:04:48.866646,True
2021-10-03 06:14:54.073061,True
2021-10-03 06:22:48.688745,True
2021-10-03 06:30:41.676843,True
2021-10-03 06:38:36.011797,True
2021-10-03 06:46:29.215379,True
2021-10-03 06:54:22.596129,True
2021-10-03 07:02:17.712997,True
2021-10-03 07:10:09.199332,True
2021-10-03 07:18:00.053077,True
2021-10-03 07:25:50.374848,True
2021-10-03 07:33:37.720876,True
2021-10-03 07:41:32.048632,True
2021-10-03 07:49:24.313718,True
2021-10-03 07:57:16.927750,True
2021-10-03 08:05:10.622894,True
2021-10-03 08:13:04.749277,True
2021-10-03 08:20:57.075830,True
2021-10-03 08:28:49.261208,True
2021-10-03 08:36:42.803658,True
2021-10-03 08:44:37.282968,True
2021-10-03 08:52:29.246415,True
2021-10-03 09:00:21.137004,True
2021-10-03 09:08:11.934517,True
2021-10-03 09:16:05.709162,True
2021-10-03 09:24:00.685171,True
2021-10-03 09:31:51.898738,True
2021-10-03 09:39:44.601274,True
2021-10-03 09:47:35.261930,True
2021-10-03 09:55:28.154242,True
2021-10-03 10:03:18.827495,True
2021-10-03 10:11:11.211712,True
2021-10-03 10:19:05.042187,True
2021-10-03 10:26:54.736712,True
2021-10-03 10:34:44.941919,True
2021-10-03 10:42:38.243441,True
2021-10-03 10:50:29.908873,True
2021-10-03 10:58:23.412503,True
2021-10-03 11:06:15.249365,True
2021-10-03 11:14:04.567635,True
2021-10-03 11:21:52.833306,True
2021-10-03 11:29:45.217190,True
2021-10-03 11:37:40.190294,True
2021-10-03 11:45:32.276121,True
2021-10-03 11:53:21.450008,True
2021-10-03 12:01:14.736992,True
2021-10-03 12:09:07.618177,True
2021-10-03 12:16:58.775626,True
2021-10-03 12:24:50.151452,True
2021-10-03 12:32:42.176308,True
2021-10-03 12:40:35.385531,True
2021-10-03 12:48:25.008343,True
2021-10-03 12:56:19.300942,True
2021-10-03 13:04:11.090218,True
2021-10-03 13:12:05.697745,True
2021-10-03 13:19:55.227193,True
2021-10-03 13:27:50.241664,True
2021-10-03 13:35:42.429371,True
2021-10-03 13:43:34.301744,True
2021-10-03 13:51:27.149264,True
2021-10-03 13:59:20.689216,True
2021-10-03 14:07:10.716306,True
2021-10-03 14:15:03.721258,True
2021-10-03 14:22:58.059884,True
2021-10-03 14:30:53.095208,True
2021-10-03 14:38:48.394836,True
2021-10-03 14:46:40.409480,True
2021-10-03 14:54:31.250266,True
2021-10-03 15:02:27.476354,True
2021-10-03 15:10:19.508306,True
2021-10-03 15:18:11.320317,True
2021-10-03 15:25:59.635222,True
2021-10-03 15:33:50.488114,True
2021-10-03 15:41:40.701858,True
2021-10-03 15:49:35.164572,True
2021-10-03 15:57:26.102467,True
2021-10-03 16:05:20.868380,True
2021-10-03 16:13:14.058492,True
2021-10-03 16:21:08.399776,True
2021-10-03 16:28:58.268221,True
2021-10-03 16:36:49.281766,True
2021-10-03 16:44:36.456595,True
2021-10-03 16:52:27.877536,True
2021-10-03 17:00:21.185140,False
2021-10-03 17:08:14.939305,False
2021-10-03 17:16:04.938343,False
2021-10-03 17:23:54.214679,False
2021-10-03 17:31:45.048984,False
2021-10-03 17:39:35.023780,False
2021-10-03 17:47:26.211652,False
2021-10-03 17:55:19.192201,False
2021-10-03 18:03:08.781467,False
2021-10-03 18:10:56.235045,False
2021-10-03 18:18:49.327692,False
2021-10-03 18:26:41.999876,False
2021-10-03 18:34:33.913938,False
2021-10-03 18:42:28.965123,False
2021-10-03 18:50:17.427164,False
2021-10-03 18:58:06.018522,False
2021-10-03 19:05:54.468462,False
2021-10-03 19:13:45.538763,False
2021-10-03 19:21:37.588146,False
2021-10-03 19:29:27.782215,False
2021-10-03 19:37:19.876618,False
2021-10-03 19:45:06.015348,False
2021-10-03 19:52:58.180306,False
2021-10-03 20:00:46.423983,False
2021-10-03 20:08:39.919460,False
2021-10-03 20:16:33.544591,False
2021-10-03 20:24:21.936807,False
2021-10-03 20:32:11.358582,False
2021-10-03 20:40:00.968444,False
2021-10-03 20:47:52.070414,False
2021-10-03 20:55:42.580370,False
2021-10-03 21:03:29.943178,False
2021-10-03 21:11:22.321443,False
2021-10-03 21:19:13.847992,False
2021-10-03 21:27:05.616657,False
2021-10-03 21:34:56.857323,False
2021-10-03 21:42:49.195211,False
2021-10-03 21:50:37.642616,False
2021-10-03 21:58:29.376201,False
2021-10-03 22:06:18.841390,False
2021-10-03 22:14:10.677440,False
2021-10-03 22:22:04.893947,False
2021-10-03 22:29:56.577223,False
2021-10-03 22:37:48.761802,False
2021-10-03 22:45:38.945267,False
2021-10-03 22:53:28.812635,False
2021-10-03 23:01:20.164204,False
2021-10-03 23:09:11.611130,False
2021-10-03 23:17:03.610555,False
2021-10-03 23:24:52.085110,False
2021-10-03 23:32:45.498351,False
2021-10-03 23:40:34.510250,False
2021-10-03 23:48:23.885221,False
2021-10-03 23:56:14.318829,False
2021-10-04 00:04:06.147489,False
2021-10-04 00:11:55.169056,False
2021-10-04 00:19:45.659533,False
2021-10-04 00:27:37.727815,False
2021-10-04 00:35:26.706374,False
2021-10-04 00:43:22.837267,False
2021-10-04 00:51:12.476728,False
2021-10-04 00:59:04.097040,False
2021-10-04 01:06:53.530923,False
2021-10-04 01:14:45.163083,False
2021-10-04 01:22:38.842528,False
2021-10-04 01:30:30.657200,False
2021-10-04 01:38:20.408914,False
2021-10-04 01:46:05.628830,False
2021-10-04 01:53:56.828488,False
2021-10-04 02:01:44.554192,False
2021-10-04 02:09:36.290428,False
2021-10-04 02:17:25.863996,False
2021-10-04 02:25:16.497548,False
2021-10-04 02:33:05.308795,False
2021-10-04 02:40:55.767001,False
2021-10-04 02:48:47.834093,False
2021-10-04 02:56:37.955982,False
2021-10-04 03:04:28.444178,False
2021-10-04 03:12:18.223670,False
2021-10-04 03:20:08.040481,False
2021-10-04 03:28:01.525956,False
2021-10-04 03:35:51.464563,False
2021-10-04 03:43:41.093440,False
2021-10-04 03:51:28.672604,False
2021-10-04 03:59:19.244797,False
2021-10-04 04:07:09.357269,False
2021-10-04 04:14:59.215248,False
2021-10-04 04:22:49.220359,False
2021-10-04 04:30:41.913900,False
2021-10-04 04:38:30.249347,False
2021-10-04 04:46:21.033900,False
2021-10-04 04:54:10.580831,False
2021-10-04 05:01:58.096267,False
2021-10-04 05:09:49.885497,False
2021-10-04 05:17:40.667421,False
2021-10-04 05:25:29.338279,False
2021-10-04 05:33:21.105971,False
2021-10-04 05:41:12.166086,False
2021-10-04 05:49:04.665887,False
2021-10-04 05:56:53.845958,False
2021-10-04 06:04:41.744614,True
2021-10-04 06:14:46.954075,True
2021-10-04 06:22:41.235301,True
2021-10-04 06:30:32.942210,True
2021-10-04 06:38:23.082065,True
2021-10-04 06:46:16.456459,True
2021-10-04 06:54:11.625547,True
2021-10-04 07:02:05.583057,True
2021-10-04 07:09:56.561212,True
2021-10-04 07:17:47.059216,True
2021-10-04 07:25:39.568591,True
2021-10-04 07:33:31.173168,True
2021-10-04 07:41:25.560306,True
2021-10-04 07:49:15.694993,True
2021-10-04 07:57:07.408980,True
2021-10-04 08:05:01.156518,True
2021-10-04 08:12:51.872567,True
2021-10-04 08:20:44.827090,True
2021-10-04 08:28:40.406832,True
2021-10-04 08:36:30.903865,True
2021-10-04 08:44:25.105514,True
2021-10-04 08:52:18.860134,True
2021-10-04 09:00:08.876580,True
2021-10-04 09:08:04.300507,True
2021-10-04 09:15:56.047024,True
2021-10-04 09:23:47.831334,True
2021-10-04 09:31:41.772490,True
2021-10-04 09:39:34.921165,True
2021-10-04 09:47:24.719826,True
2021-10-04 09:55:14.702696,True
2021-10-04 10:03:07.860639,True
2021-10-04 10:10:59.018224,True
2021-10-04 10:18:48.375820,True
2021-10-04 10:26:45.596458,True
2021-10-04 10:34:36.690290,True
2021-10-04 10:42:30.400707,True
2021-10-04 10:50:20.169283,True
2021-10-04 10:58:11.123007,True
2021-10-04 11:06:04.040599,True
2021-10-04 11:13:55.443238,True
2021-10-04 11:21:46.438253,True
2021-10-04 11:29:37.313279,True
2021-10-04 11:37:30.058690,True
2021-10-05 12:19:32.796753,True
2021-10-05 12:27:26.574268,True
2021-10-05 12:35:29.121513,True
2021-10-05 12:51:24.768100,True
2021-10-05 12:58:51.416215,True
2021-10-05 13:06:19.668073,True
2021-10-05 13:13:45.811935,True
2021-10-05 13:30:27.617048,True
2021-10-05 13:37:52.896872,True
2021-10-05 13:45:20.926895,True
2021-10-05 13:52:52.515835,True
2021-10-05 14:13:34.671333,False
2021-10-05 15:17:04.515830,False
2021-10-05 15:24:33.710487,False
2021-10-05 15:32:03.354663,False
2021-10-05 15:39:30.436139,False
2021-10-05 15:55:22.944865,False
2021-10-05 16:02:50.270313,False
2021-10-05 16:10:15.819884,False
2021-10-05 16:17:42.842622,False
2021-10-05 16:25:06.930058,False
2021-10-05 16:32:31.296665,False
2021-10-05 16:39:54.484296,False
2021-10-05 16:47:20.650105,False
2021-10-05 16:54:44.324556,False
2021-10-05 17:04:26.405748,True
2021-10-05 17:11:49.962344,True
2021-10-05 17:19:17.556117,True
2021-10-05 17:26:43.911803,True
2021-10-05 17:34:09.854011,True
2021-10-05 17:41:32.978193,True
2021-10-05 17:49:00.549330,True
2021-10-05 17:56:26.632766,False
2021-10-05 18:03:48.014078,False
2021-10-05 18:11:14.305135,False
2021-10-05 18:18:42.523383,False
2021-10-05 18:26:08.937031,False
2021-10-05 18:33:32.788288,False
2021-10-05 18:40:57.338140,False
2021-10-05 18:48:21.733458,False
2021-10-05 18:55:46.317025,False
2021-10-05 19:03:11.018283,True
2021-10-05 19:10:44.659912,True
2021-10-05 19:18:08.687427,True
2021-10-05 19:25:34.249826,True
2021-10-05 19:32:56.885212,True
2021-10-05 19:40:21.041388,False
2021-10-05 19:47:46.232863,False
2021-10-05 19:55:05.710450,False
2021-10-05 20:02:30.162138,False
2021-10-05 20:09:54.854015,False
2021-10-05 20:17:22.177680,False
2021-10-05 20:24:46.677182,False
2021-10-05 20:32:10.164592,False
2021-10-05 20:39:34.844084,False
2021-10-05 20:46:55.650966,True
2021-10-05 20:54:30.074889,True
2021-10-05 21:01:56.093986,True
2021-10-05 21:09:20.802241,True
2021-10-05 21:16:47.400997,True
2021-10-05 21:24:14.505385,False
2021-10-05 21:31:36.852713,False
2021-10-05 21:38:59.778521,False
2021-10-05 21:46:24.562992,False
2021-10-05 21:53:42.793040,False
2021-10-05 22:01:06.505816,False
2021-10-05 22:08:33.101339,False
2021-10-05 22:15:56.760870,False
2021-10-05 22:23:18.608678,False
2021-10-05 22:30:40.688931,True
2021-10-05 22:38:20.579432,True
2021-10-05 22:45:45.605778,True
2021-10-05 22:55:43.840930,True
2021-10-05 23:03:12.959588,True
2021-10-05 23:10:41.127536,True
2021-10-05 23:18:05.336149,True
2021-10-05 23:25:32.719126,True
2021-10-05 23:32:56.916440,True
2021-10-05 23:40:23.643498,True
2021-10-05 23:47:51.351033,False
2021-10-05 23:55:16.279059,False
2021-10-06 00:02:43.405427,False
2021-10-06 00:10:11.053986,False
2021-10-06 00:17:35.601308,False
2021-10-06 00:25:04.010239,False
2021-10-06 00:32:31.367454,False
2021-10-06 00:39:53.524134,False
2021-10-06 00:47:24.747788,False
2021-10-06 00:54:46.390239,True
2021-10-06 01:02:12.281626,True
2021-10-06 01:09:39.742683,True
2021-10-06 01:17:08.107211,True
2021-10-06 01:24:33.990208,True
2021-10-06 01:32:02.202408,False
2021-10-06 01:39:27.892275,False
2021-10-06 01:46:53.985724,False
2021-10-06 01:54:19.314991,False
2021-10-06 02:01:42.157362,False
2021-10-06 02:09:07.829036,False
2021-10-06 02:16:36.251446,False
2021-10-06 02:24:03.850679,False
2021-10-06 02:31:28.683420,False
2021-10-06 02:38:56.313815,True
2021-10-06 02:46:24.102842,True
2021-10-06 02:53:49.581544,True
2021-10-06 03:01:12.461310,True
2021-10-06 03:08:42.388678,True
2021-10-06 03:16:06.597717,False
2021-10-06 03:23:31.988966,False
2021-10-06 03:31:00.210272,False
2021-10-06 03:38:29.291717,False
2021-10-06 03:45:51.999332,False
2021-10-06 03:53:18.777937,False
2021-10-06 04:00:41.325408,False
2021-10-06 04:08:11.063202,False
2021-10-06 04:15:37.291399,False
2021-10-06 04:23:05.937407,True
2021-10-06 04:30:32.079511,True
2021-10-06 04:37:56.535274,True
2021-10-06 04:45:16.386321,True
2021-10-06 04:52:40.768847,True
2021-10-06 05:00:05.293200,False
2021-10-06 05:07:34.498071,False
2021-10-06 05:14:59.696565,False
2021-10-06 05:22:24.516268,False
2021-10-06 05:29:48.882956,False
2021-10-06 05:37:15.994454,False
2021-10-06 05:44:40.902905,False
2021-10-06 05:52:06.025783,False
2021-10-06 05:59:32.325834,False
2021-10-06 06:06:56.190573,True
2021-10-06 06:14:19.340717,True
2021-10-06 06:21:40.811736,True
2021-10-06 06:29:04.800368,True
2021-10-06 06:36:28.804805,True
2021-10-06 06:43:52.612843,False
2021-10-06 06:51:18.347272,False
2021-10-06 06:58:43.460254,False
2021-10-06 07:06:07.760088,False
2021-10-06 07:13:37.778114,False
2021-10-06 07:21:03.209950,False
2021-10-06 07:28:28.684311,False
2021-10-06 07:35:55.513839,False
2021-10-06 07:43:19.008160,False
2021-10-06 07:50:40.620098,True
2021-10-06 07:58:07.109680,True
2021-10-06 08:05:33.358169,True
2021-10-06 08:12:59.205050,True
2021-10-06 08:20:26.597971,True
2021-10-06 08:27:54.395710,False
2021-10-06 08:35:17.894514,False
2021-10-06 08:42:41.785456,False
2021-10-06 08:50:07.777957,False
2021-10-06 08:57:32.290775,False
2021-10-06 09:04:57.360901,False
2021-10-06 09:12:23.855802,False
2021-10-06 09:19:49.698300,False
2021-10-06 09:27:18.431456,False
2021-10-06 09:34:41.842479,True
2021-10-06 09:42:03.271683,True
2021-10-06 09:49:28.074810,True
2021-10-06 09:56:53.310708,True
2021-10-06 10:04:16.832967,True
2021-10-06 10:11:40.404011,False
2021-10-06 10:19:07.583069,False
2021-10-06 10:36:26.141406,True
2021-10-06 10:43:53.002192,True
2021-10-06 10:51:17.523824,True
2021-10-06 10:58:40.190248,True
2021-10-06 11:06:05.972070,True
2021-10-06 11:13:36.774769,True
2021-10-06 11:20:59.908010,True
2021-10-06 11:28:22.724321,False
2021-10-06 11:35:46.732120,False
2021-10-06 11:43:11.506081,False
2021-10-06 11:50:29.447301,False
2021-10-06 11:57:55.118512,False
2021-10-06 12:05:17.344412,False
2021-10-06 12:12:41.196286,False
2021-10-06 12:20:06.221401,False
2021-10-06 12:27:28.197403,False
2021-10-06 12:34:50.288450,True
2021-10-06 12:42:16.716051,True
2021-10-06 12:49:42.395271,True
2021-10-06 12:57:05.285248,True
2021-10-06 13:04:32.765291,True
2021-10-06 13:11:56.751024,False
2021-10-06 13:19:25.191020,False
2021-10-06 13:26:45.326115,False
2021-10-06 13:34:09.361477,False
2021-10-06 13:41:35.344802,False
2021-10-06 13:48:57.328102,False
2021-10-06 13:56:18.311167,False
2021-10-06 14:03:47.735373,False
2021-10-06 14:11:08.816337,False
2021-10-06 14:18:33.252064,True
2021-10-06 14:25:57.047436,True
2021-10-06 14:33:24.390992,True
2021-10-06 14:40:52.704365,True
2021-10-06 14:48:22.244611,True
2021-10-06 14:55:46.785622,False
2021-10-06 15:03:15.423747,False
2021-10-06 15:10:40.948229,False
2021-10-06 15:18:05.365297,False
2021-10-06 15:25:31.666488,False
2021-10-06 15:32:54.530284,False
2021-10-06 15:40:20.180117,False
2021-10-06 15:47:41.422808,False
2021-10-06 15:55:02.121807,False
2021-10-06 16:02:29.903091,True
2021-10-06 16:09:54.126319,True
2021-10-06 16:17:20.918446,True
2021-10-06 16:24:45.076356,True
2021-10-06 16:32:09.651339,True
2021-10-06 16:39:35.915670,False
2021-10-06 16:47:02.091484,False
2021-10-06 16:54:25.481257,False
2021-10-06 17:01:49.273414,False
2021-10-06 17:09:15.059296,False
2021-10-06 17:16:37.988071,False
2021-10-06 17:24:02.123699,False
2021-10-06 17:31:30.007364,False
2021-10-06 17:38:53.849428,False
2021-10-06 17:46:19.628462,True
2021-10-06 17:53:41.480911,True
2021-10-06 18:01:08.628722,True
2021-10-06 18:08:31.729505,True
2021-10-06 18:15:52.921109,True
2021-10-06 18:23:20.145433,False
2021-10-06 18:30:43.828104,False
2021-10-06 18:38:06.102987,False
2021-10-06 18:45:29.639973,False
2021-10-06 18:52:52.358752,False
2021-10-06 19:00:16.845752,False
2021-10-06 19:07:39.959841,False
2021-10-06 19:15:00.790312,False
2021-10-06 19:22:27.172324,False
2021-10-06 19:29:49.596009,True
2021-10-06 19:37:15.370539,True
2021-10-06 19:44:38.855882,True
2021-10-06 19:52:01.946131,True
2021-10-06 19:59:27.551387,True
2021-10-06 20:06:49.945302,False
2021-10-06 20:14:14.677698,False
2021-10-06 20:21:37.033741,False
2021-10-06 20:28:58.594929,False
2021-10-06 20:36:18.360715,False
2021-10-06 20:43:39.227068,False
2021-10-06 20:51:00.926609,False
2021-10-06 20:58:25.160802,False
2021-10-06 21:05:52.511718,False
2021-10-06 21:13:17.720681,True
2021-10-06 21:20:44.735420,True
2021-10-06 21:28:10.574311,True
2021-10-06 21:35:36.247763,True
2021-10-06 21:43:00.149239,True
2021-10-06 21:50:23.337946,False
2021-10-06 21:57:46.101044,False
2021-10-06 22:05:09.344908,False
2021-10-06 22:12:30.392738,False
2021-10-06 22:19:51.460282,False
2021-10-06 22:27:14.802221,False
2021-10-06 22:34:35.889144,False
2021-10-06 22:41:58.626053,False
2021-10-06 22:49:21.328578,False
2021-10-06 22:56:45.544489,True
2021-10-06 23:04:13.436090,True
2021-10-06 23:11:40.821707,True
2021-10-06 23:19:06.762338,True
2021-10-06 23:26:31.511706,True
2021-10-06 23:34:00.160002,False
2021-10-06 23:41:22.520031,False
2021-10-06 23:48:46.068830,False
2021-10-06 23:56:06.643931,False
2021-10-07 00:03:31.306574,False
2021-10-07 00:10:53.809097,False
2021-10-07 00:18:20.577095,False
2021-10-07 00:25:39.207461,False
2021-10-07 00:33:00.916403,False
2021-10-07 00:40:22.827616,True
2021-10-07 00:47:46.790073,True
2021-10-07 00:55:11.532560,True
2021-10-07 01:02:37.020119,True
2021-10-07 01:10:03.074311,True
2021-10-07 01:17:25.731758,False
2021-10-07 01:24:50.265914,False
2021-10-07 01:32:16.447785,False
2021-10-07 01:39:41.776805,False
2021-10-07 01:47:05.367200,False
2021-10-07 01:54:25.814468,False
2021-10-07 02:01:50.474701,False
2021-10-07 02:09:15.932183,False
2021-10-07 02:16:35.616802,False
2021-10-07 02:23:57.853132,True
2021-10-07 02:31:23.420654,True
2021-10-07 02:38:47.551750,True
2021-10-07 02:46:11.681024,True
2021-10-07 02:53:33.770654,True
2021-10-07 03:00:54.972645,False
2021-10-07 03:08:18.271646,False
2021-10-07 03:15:38.728127,False
2021-10-07 03:22:59.870001,False
2021-10-07 03:30:22.351986,False
2021-10-07 03:37:45.536993,False
2021-10-07 03:45:10.940219,False
2021-10-07 03:52:33.338287,False
2021-10-07 03:59:56.820640,False
2021-10-07 04:07:15.892491,True
2021-10-07 04:14:37.143343,True
2021-10-07 04:22:00.658728,True
2021-10-07 04:29:24.495069,True
2021-10-07 04:36:50.716099,True
2021-10-07 04:44:15.889135,False
2021-10-07 04:51:38.430253,False
2021-10-07 04:59:01.006397,False
2021-10-07 05:06:23.014246,False
2021-10-07 05:13:47.883666,False
2021-10-07 05:21:10.370685,False
2021-10-07 05:28:32.680537,False
2021-10-07 05:35:57.152442,False
2021-10-07 05:43:20.867132,False
2021-10-07 05:50:42.191848,True
2021-10-07 05:58:07.371704,True
2021-10-07 06:05:31.340203,True
2021-10-07 06:12:53.302777,True
2021-10-07 06:20:19.494193,True
2021-10-07 06:27:45.198403,False
2021-10-07 06:35:08.318333,False
2021-10-07 06:42:32.324209,False
2021-10-07 06:49:54.908687,False
2021-10-07 06:57:16.450606,False
2021-10-07 07:04:40.530641,False
2021-10-07 07:12:03.586833,False
2021-10-07 07:19:25.736013,False
2021-10-07 07:26:50.206842,False
2021-10-07 07:34:09.295042,True
2021-10-07 07:41:34.502559,True
2021-10-07 07:48:58.140828,True
2021-10-07 07:56:21.387365,True
2021-10-07 08:03:48.488339,True
2021-10-07 08:11:14.379605,False
2021-10-07 08:18:33.865204,False
2021-10-07 08:25:55.832883,False
2021-10-07 08:33:19.944168,False
2021-10-07 08:40:41.345373,False
2021-10-07 08:48:03.844851,False
2021-10-07 08:55:28.308652,False
2021-10-07 09:02:50.345348,False
2021-10-07 09:10:11.503720,False
2021-10-07 09:17:35.501628,True
2021-10-07 09:24:58.357754,True
2021-10-07 09:32:22.008169,True
2021-10-07 09:39:46.504811,True
2021-10-07 09:47:11.100734,True
2021-10-07 09:54:34.899736,False
2021-10-07 10:01:58.984958,False
2021-10-07 10:09:23.537939,False
2021-10-07 10:16:48.036743,False
2021-10-07 10:24:12.284552,False
2021-10-07 10:31:34.146311,False
2021-10-07 10:38:56.513104,False
2021-10-07 10:46:21.855374,False
2021-10-07 10:53:42.034118,False
2021-10-07 11:01:03.950403,True
2021-10-07 11:08:30.334207,True
2021-10-07 11:15:58.846817,True
2021-10-07 11:23:23.472111,True
2021-10-07 11:30:47.986986,True
2021-10-07 11:38:11.271029,False
2021-10-07 11:45:33.735446,False
2021-10-07 11:52:57.409236,False
2021-10-07 12:00:22.703554,False
2021-10-07 12:07:47.894750,False
2021-10-07 12:15:11.859929,False
2021-10-07 12:22:37.576572,False
2021-10-07 12:30:03.459987,False
2021-10-07 12:37:25.244287,False
2021-10-07 12:44:51.132137,True
2021-10-07 12:52:16.957057,True
2021-10-07 12:59:42.605125,True
2021-10-07 13:07:12.164095,True
2021-10-07 13:14:39.451350,True
2021-10-07 13:22:03.066238,False
2021-10-07 13:29:23.254161,False
2021-10-07 13:36:47.072114,False
2021-10-07 13:44:09.568967,False
2021-10-07 13:51:34.980448,False
2021-10-07 13:58:58.338594,False
2021-10-07 14:06:16.475249,False
2021-10-07 14:13:41.363175,False
2021-10-07 14:21:04.781382,False
2021-10-07 14:28:25.420015,True
2021-10-07 14:35:52.321303,True
2021-10-07 14:43:20.303897,True
2021-10-07 14:50:44.632289,True
2021-10-07 14:58:08.796619,True
2021-10-07 15:05:33.149670,False
2021-10-07 15:12:53.429486,False
2021-10-07 15:20:15.208501,False
2021-10-07 15:27:39.552529,False
2021-10-07 15:35:00.352991,False
2021-10-07 15:42:23.889810,False
2021-10-07 15:49:43.440327,False
2021-10-07 15:57:05.301758,False
2021-10-07 16:04:26.041013,False
2021-10-07 16:11:49.647946,True
2021-10-07 16:19:12.897263,True
2021-10-07 16:26:35.459295,True
2021-10-07 16:33:56.002315,True
2021-10-07 16:41:16.655319,True
2021-10-07 16:48:40.027265,False
2021-10-07 16:56:03.033108,False
2021-10-07 17:03:28.370786,False
2021-10-07 17:10:54.548492,False
2021-10-07 17:18:18.909652,False
2021-10-07 17:25:44.056005,False
2021-10-07 17:33:05.851275,False
2021-10-07 17:40:28.456459,False
2021-10-07 17:47:50.104391,False
2021-10-07 17:55:11.943608,True
2021-10-07 18:02:37.826885,True
2021-10-07 18:10:00.335059,True
2021-10-07 18:17:22.940457,True
2021-10-07 18:24:47.978252,True
2021-10-07 18:32:08.204674,False
2021-10-07 18:39:29.787516,False
2021-10-07 18:46:52.679318,False
2021-10-07 18:54:16.219432,False
2021-10-07 19:01:41.763896,False
2021-10-07 19:09:07.809472,False
2021-10-07 19:16:33.324050,False
2021-10-07 19:23:57.559542,False
2021-10-07 19:31:19.945007,False
2021-10-07 19:38:40.281381,True
2021-10-07 19:46:04.653390,True
2021-10-07 19:53:29.400943,True
2021-10-07 20:00:52.923080,True
2021-10-07 20:08:15.053717,True
2021-10-07 20:15:36.835799,False
2021-10-07 20:22:59.990729,False
2021-10-07 20:30:20.389549,False
2021-10-07 20:37:44.325623,False
2021-10-07 20:45:04.852757,False
2021-10-07 20:52:29.003818,False
2021-10-07 20:59:52.211572,False
2021-10-07 21:07:14.772430,False
2021-10-07 21:14:36.972935,False
2021-10-07 21:21:58.897422,True
2021-10-07 21:29:27.092021,True
2021-10-07 21:36:50.590296,True
2021-10-07 21:44:13.983499,True
2021-10-07 21:51:39.767048,True
2021-10-07 21:59:02.815886,False
2021-10-07 22:06:27.460744,False
2021-10-07 22:13:51.376185,False
2021-10-07 22:21:13.280430,False
2021-10-07 22:28:36.445242,False
2021-10-07 22:36:00.571273,False
2021-10-07 22:43:21.821884,False
2021-10-07 22:50:40.490517,False
2021-10-07 22:58:06.962895,False
2021-10-07 23:05:30.164855,True
2021-10-07 23:12:55.472156,True
2021-10-07 23:20:17.717452,True
2021-10-07 23:27:43.711657,True
2021-10-07 23:35:05.657484,True
2021-10-07 23:42:28.212343,False
2021-10-07 23:49:53.099920,False
2021-10-07 23:57:14.623232,False
2021-10-08 00:04:37.182684,False
2021-10-08 00:12:01.820582,False
2021-10-08 00:19:25.900064,False
2021-10-08 00:26:48.294534,False
2021-10-08 00:34:10.764417,False
2021-10-08 00:41:34.808442,False
2021-10-08 00:48:59.423057,True
2021-10-08 00:56:22.553695,True
2021-10-08 01:03:43.752881,True
2021-10-08 01:11:08.315092,True
2021-10-08 01:18:32.229981,True
2021-10-08 01:25:53.577383,False
2021-10-08 01:33:15.794456,False
2021-10-08 01:40:39.240946,False
2021-10-08 01:48:01.286250,False
2021-10-08 01:55:26.471365,False
2021-10-08 02:02:50.149986,False
2021-10-08 02:10:16.638061,False
2021-10-08 02:17:40.013267,False
2021-10-08 02:25:04.877186,False
2021-10-08 02:32:27.784242,True
2021-10-08 02:39:51.973224,True
2021-10-08 02:47:15.335372,True
2021-10-08 02:54:40.541341,True
2021-10-08 03:02:06.593179,True
2021-10-08 03:09:35.619654,False
2021-10-08 03:16:59.604408,False
2021-10-08 03:24:26.600046,False
2021-10-08 03:31:48.025332,False
2021-10-08 03:39:12.817659,False
2021-10-08 03:46:35.167474,False
2021-10-08 03:53:58.422787,False
2021-10-08 04:01:21.785235,False
2021-10-08 04:08:47.471096,False
2021-10-08 04:16:12.613982,True
2021-10-08 04:23:38.120652,True
2021-10-08 04:31:01.750761,True
2021-10-08 04:38:25.611511,True
2021-10-08 04:45:54.370791,True
2021-10-08 04:53:18.676269,False
2021-10-08 05:00:43.055469,False
2021-10-08 05:08:04.233105,False
2021-10-08 05:15:28.261191,False
2021-10-08 05:22:51.469979,False
2021-10-08 05:30:16.135522,False
2021-10-08 05:37:40.622689,False
2021-10-08 05:45:01.734687,False
2021-10-08 05:52:24.222340,False
2021-10-08 05:59:46.865133,True
2021-10-08 06:07:10.183257,True
2021-10-08 06:14:38.883763,True
2021-10-08 06:22:00.227091,True
2021-10-08 06:29:23.112466,True
2021-10-08 06:36:45.247601,False
2021-10-08 06:44:07.405627,False
2021-10-08 06:51:25.863110,False
2021-10-08 06:58:47.425716,False
2021-10-08 07:06:09.828895,False
2021-10-08 07:13:33.175492,False
2021-10-08 07:20:58.259179,False
2021-10-08 07:28:23.125183,False
2021-10-08 07:35:47.777037,False
2021-10-08 07:43:11.195859,True
2021-10-08 07:50:34.280915,True
2021-10-08 07:57:57.549982,True
2021-10-08 08:05:21.323258,True
2021-10-08 08:12:46.934089,True
2021-10-08 08:20:14.319957,False
2021-10-08 08:27:38.323003,False
2021-10-08 08:35:02.460183,False
2021-10-08 08:42:27.637863,False
2021-10-08 08:49:49.867714,False
2021-10-08 08:57:13.715699,False
2021-10-08 09:04:38.132344,False
2021-10-08 09:12:03.340956,False
2021-10-08 09:19:24.257224,False
2021-10-08 09:26:47.850416,True
2021-10-08 09:34:12.990901,True
2021-10-08 09:41:43.655499,True
2021-10-08 09:49:11.618430,True
2021-10-08 09:56:34.635907,True
2021-10-08 10:04:00.292442,False
2021-10-08 10:11:21.578815,False
2021-10-08 10:18:43.644585,False
2021-10-08 10:26:07.393045,False
2021-10-08 10:33:31.585260,False
2021-10-08 10:40:53.097764,False
2021-10-08 10:48:16.902619,False
2021-10-08 10:55:41.665187,False
2021-10-08 11:03:02.938446,False
2021-10-08 11:10:25.134041,True
2021-10-08 11:17:52.673104,True
2021-10-08 11:25:17.568600,True
2021-10-08 11:32:44.110129,True
2021-10-08 11:40:10.490599,True
2021-10-08 11:47:36.293273,False
2021-10-08 11:55:01.207747,False
2021-10-08 12:02:21.668098,False
2021-10-08 12:09:42.910312,False
2021-10-08 12:17:06.616341,False
2021-10-08 12:24:24.820328,False
2021-10-08 12:31:50.315351,False
2021-10-08 12:39:11.232294,False
2021-10-08 12:46:33.934152,False
2021-10-08 12:53:56.388997,True
2021-10-08 13:01:22.609761,True
2021-10-08 13:08:44.807019,True
2021-10-08 13:16:11.059738,True
2021-10-08 13:23:38.118677,True
2021-10-08 13:31:04.433474,False
2021-10-08 13:38:28.144955,False
2021-10-08 13:45:53.527427,False
2021-10-08 13:53:17.311373,False
2021-10-08 14:00:40.855033,False
2021-10-08 14:08:04.898843,False
2021-10-08 14:15:26.205143,False
2021-10-08 14:22:51.928320,False
2021-10-08 14:30:14.410301,False
2021-10-08 14:37:39.173667,True
2021-10-08 14:45:02.804949,True
2021-10-08 14:52:28.909218,True
2021-10-08 14:59:54.277181,True
2021-10-08 15:07:18.552371,True
2021-10-08 15:14:43.343558,False
2021-10-08 15:22:08.792246,False
2021-10-08 15:29:35.578382,False
2021-10-08 15:37:02.285066,False
2021-10-08 15:44:29.386451,False
2021-10-08 15:51:49.098557,False
2021-10-08 15:59:16.491140,False
2021-10-08 16:06:41.599208,False
2021-10-08 16:14:03.037244,False
2021-10-08 16:21:27.841181,True
2021-10-08 16:28:54.476352,True
2021-10-08 16:36:18.601401,True
2021-10-08 16:43:43.576349,True
2021-10-08 16:51:09.485435,True
2021-10-08 16:58:34.562821,False
2021-10-08 17:05:55.436350,False
2021-10-08 17:13:19.884153,False
2021-10-08 17:20:44.494000,False
2021-10-08 18:44:03.423425,True
2021-10-08 18:48:56.680766,True
2021-10-08 18:54:27.660569,True
2021-10-08 18:59:56.946141,True
2021-10-08 19:05:25.420788,True
2021-10-08 19:10:54.916121,True
2021-10-08 19:16:24.944850,True
2021-10-08 19:21:54.570725,True
2021-10-08 19:27:24.510885,True
2021-10-08 19:32:54.570128,True
2021-10-08 19:38:25.458087,True
2021-10-08 19:43:54.879143,True
2021-10-08 19:49:25.027094,False
2021-10-08 19:54:52.751147,False
2021-10-08 20:00:21.364882,False
2021-10-08 20:05:48.831787,False
2021-10-08 20:11:16.435645,False
2021-10-08 20:16:43.900846,False
2021-10-08 20:22:13.154781,False
2021-10-08 20:27:41.090081,False
2021-10-08 20:33:08.714135,False
2021-10-08 20:38:36.477868,False
2021-10-08 20:44:05.117711,False
2021-10-08 20:49:32.958748,True
2021-10-08 20:55:02.367021,True
2021-10-08 21:00:33.320562,True
2021-10-08 21:06:03.005634,True
2021-10-08 21:11:32.465629,True
2021-10-08 21:17:01.410050,True
2021-10-08 21:22:30.321778,False
2021-10-08 21:27:58.418263,False
2021-10-08 21:33:27.121784,False
2021-10-08 21:38:54.215283,False
2021-10-08 21:44:23.037346,False
2021-10-08 21:49:50.881967,False
2021-10-08 21:55:19.842727,False
2021-10-08 22:00:47.397724,False
2021-10-08 22:06:15.085069,False
2021-10-08 22:11:42.253013,False
2021-10-08 22:17:10.670017,False
2021-10-08 22:22:39.565484,True
2021-10-08 22:28:09.852524,True
2021-10-08 22:33:40.811968,True
2021-10-08 22:39:09.391826,True
2021-10-08 22:44:38.733833,True
2021-10-08 22:50:08.671667,True
2021-10-08 22:55:38.973289,False
2021-10-08 23:01:07.558101,False
2021-10-08 23:06:35.327623,False
2021-10-08 23:12:02.740638,False
2021-10-08 23:17:30.421330,False
2021-10-08 23:22:59.124570,False
2021-10-08 23:28:26.854583,False
2021-10-08 23:33:56.153002,False
2021-10-08 23:39:25.085143,False
2021-10-08 23:44:53.751330,False
2021-10-08 23:50:20.867911,False
2021-10-08 23:55:49.125867,True
2021-10-09 00:01:19.960396,True
2021-10-09 00:06:50.260981,True
2021-10-09 00:12:20.269486,True
2021-10-09 00:17:49.972647,True
2021-10-09 00:23:19.219914,True
2021-10-09 00:28:50.615458,False
2021-10-09 00:34:18.669384,False
2021-10-09 00:39:45.976902,False
2021-10-09 00:45:14.233331,False
2021-10-09 00:50:42.610896,False
2021-10-09 00:56:11.111994,False
2021-10-09 01:01:39.487117,False
2021-10-09 01:07:08.074026,False
2021-10-09 01:12:36.083801,False
2021-10-09 01:18:05.081462,False
2021-10-09 01:23:34.775999,False
2021-10-09 01:29:03.424140,True
2021-10-09 01:34:33.054113,True
2021-10-09 01:40:03.172250,True
2021-10-09 01:45:32.312817,True
2021-10-09 01:51:00.849463,True
2021-10-09 01:56:30.861031,True
2021-10-09 02:01:59.726045,False
2021-10-09 02:07:28.928896,False
2021-10-09 02:12:57.299703,False
2021-10-09 02:18:25.386977,False
2021-10-09 02:23:53.634472,False
2021-10-09 02:29:22.402844,False
2021-10-09 02:34:51.149376,False
2021-10-09 02:40:20.949946,False
2021-10-09 02:45:49.605388,False
2021-10-09 02:51:17.814106,False
2021-10-09 02:56:44.872826,False
2021-10-09 03:02:12.099090,True
2021-10-09 03:07:41.009798,True
2021-10-09 03:13:10.647915,True
2021-10-09 03:18:39.853683,True
2021-10-09 03:24:10.023177,True
2021-10-09 03:29:38.724568,True
2021-10-09 03:35:08.221945,False
2021-10-09 03:40:36.533139,False
2021-10-09 03:46:05.293925,False
2021-10-09 03:51:32.649684,False
2021-10-09 03:57:00.307284,False
2021-10-09 04:02:29.603307,False
2021-10-09 04:07:56.674929,False
2021-10-09 04:13:25.721211,False
2021-10-09 04:18:53.673906,False
2021-10-09 04:24:23.373830,False
2021-10-09 04:29:51.566401,False
2021-10-09 04:35:18.831717,True
2021-10-09 04:40:49.133858,True
2021-10-09 04:46:19.824645,True
2021-10-09 04:51:49.641107,True
2021-10-09 04:57:20.370152,True
2021-10-09 05:02:49.164396,True
2021-10-09 05:08:19.328041,False
2021-10-09 05:13:47.821209,False
2021-10-09 05:19:16.878482,False
2021-10-09 05:24:45.550931,False
2021-10-09 05:30:13.178803,False
2021-10-09 05:35:41.697265,False
2021-10-09 05:41:09.106106,False
2021-10-09 05:46:36.330544,False
2021-10-09 05:52:05.270190,False
2021-10-09 05:57:32.338936,False
2021-10-09 06:03:00.306458,False
2021-10-09 06:08:28.903327,True
2021-10-09 06:14:00.107887,True
2021-10-09 06:19:30.570099,True
2021-10-09 06:25:00.155713,True
2021-10-09 06:30:28.972258,True
2021-10-09 06:35:57.980362,True
2021-10-09 06:41:26.559826,False
2021-10-09 06:46:54.190115,False
2021-10-09 06:52:23.000995,False
2021-10-09 06:57:52.769314,False
2021-10-09 07:03:20.907966,False
2021-10-09 07:08:47.927281,False
2021-10-09 07:14:16.965395,False
2021-10-09 07:19:46.145332,False
2021-10-09 07:25:14.995408,False
2021-10-09 07:30:42.392431,False
2021-10-09 07:36:10.394062,False
2021-10-09 07:41:37.494571,True
2021-10-09 07:47:07.866878,True
2021-10-09 07:52:37.143027,True
2021-10-09 07:58:06.601950,True
2021-10-09 08:03:35.724014,True
2021-10-09 08:09:04.534886,True
2021-10-09 08:14:33.500466,False
2021-10-09 08:20:03.095485,False
2021-10-09 08:25:32.497112,False
2021-10-09 08:31:02.259850,False
2021-10-09 08:36:30.625368,False
2021-10-09 08:41:58.594703,False
2021-10-09 08:47:25.746005,False
2021-10-09 08:52:52.919588,False
2021-10-09 08:58:21.244893,False
2021-10-09 09:03:49.044308,False
2021-10-09 09:09:17.513400,False
2021-10-09 09:14:46.354539,True
2021-10-09 09:20:15.980530,True
2021-10-09 09:25:46.187767,True
2021-10-09 09:31:17.094378,True
2021-10-09 09:36:47.119007,True
2021-10-09 09:42:16.467087,True
2021-10-09 09:47:45.538933,False
2021-10-09 09:53:13.064243,False
2021-10-09 09:58:40.044036,False
2021-10-09 10:04:08.405109,False
2021-10-09 10:09:36.062920,False
2021-10-09 10:15:05.547827,False
2021-10-09 10:20:32.748407,False
2021-10-09 10:26:01.540101,False
2021-10-09 10:31:28.710500,False
2021-10-09 10:36:57.031009,False
2021-10-09 10:42:24.903466,False
2021-10-09 10:47:53.024632,True
2021-10-09 10:53:21.796083,True
2021-10-09 10:58:50.831070,True
2021-10-09 11:04:20.975770,True
2021-10-09 11:09:49.954248,True
2021-10-09 11:15:19.806392,True
2021-10-09 11:20:48.775464,False
2021-10-09 11:26:15.841550,False
2021-10-09 11:31:43.574046,False
2021-10-09 11:37:12.792587,False
2021-10-09 11:42:40.456203,False
2021-10-09 11:48:08.068030,False
2021-10-09 11:53:35.987266,False
2021-10-09 11:59:04.012201,False
2021-10-09 12:04:31.720163,False
2021-10-09 12:10:00.178983,False
2021-10-09 12:15:28.283546,False
2021-10-09 12:20:55.487646,True
2021-10-09 12:26:25.167062,True
2021-10-09 12:31:55.464087,True
2021-10-09 12:37:25.293214,True
2021-10-09 12:42:54.797783,True
2021-10-09 12:48:24.856203,True
2021-10-09 12:53:53.645922,False
2021-10-09 12:59:20.683450,False
2021-10-09 13:04:47.696499,False
2021-10-09 13:10:17.141123,False
2021-10-09 13:15:44.711314,False
2021-10-09 13:21:13.730223,False
2021-10-09 13:26:41.393711,False
2021-10-09 13:32:08.623285,False
2021-10-09 13:37:36.016281,False
2021-10-09 13:43:04.986215,False
2021-10-09 13:48:33.625427,False
2021-10-09 13:54:00.892196,True
2021-10-09 13:59:29.811221,True
2021-10-09 14:04:58.517271,True
2021-10-09 14:10:28.593505,True
2021-10-09 14:15:59.265765,True
2021-10-09 14:21:29.453061,True
2021-10-09 14:26:58.090574,False
2021-10-09 14:32:26.025457,False
2021-10-09 14:37:54.958379,False
2021-10-09 14:43:23.527491,False
2021-10-09 14:48:51.399056,False
2021-10-09 14:54:19.835416,False
2021-10-09 14:59:48.338942,False
2021-10-09 15:05:15.474596,False
2021-10-09 15:10:44.124815,False
2021-10-09 15:16:12.389854,False
2021-10-09 15:21:40.526648,False
2021-10-09 15:27:07.958253,True
2021-10-09 15:32:37.234467,True
2021-10-09 15:38:06.871679,True
2021-10-09 15:43:36.824739,True
2021-10-09 15:49:06.821785,True
2021-10-09 15:54:35.468072,True
2021-10-09 16:00:04.168555,False
2021-10-09 16:05:32.686584,False
2021-10-09 16:11:01.845707,False
2021-10-09 16:16:30.105776,False
2021-10-09 16:21:58.778315,False
2021-10-09 16:27:26.380043,False
2021-10-09 16:32:53.483158,False
2021-10-09 16:38:21.012463,False
2021-10-09 16:43:48.306163,False
2021-10-09 16:49:17.639586,False
2021-10-09 16:54:45.936505,False
2021-10-09 17:00:14.908406,True
2021-10-09 17:05:45.234194,True
2021-10-09 17:11:14.955140,True
2021-10-09 17:16:43.792455,True
2021-10-09 17:22:14.816763,True
2021-10-09 17:27:43.369526,True
2021-10-09 17:33:14.398776,False
2021-10-09 17:38:41.495753,False
2021-10-09 17:44:08.853228,False
2021-10-09 17:49:36.554871,False
2021-10-09 17:55:04.902848,False
2021-10-09 18:00:33.254849,False
2021-10-09 18:06:02.431088,False
2021-10-09 18:11:31.747971,False
2021-10-09 18:17:00.189890,False
2021-10-09 18:22:29.680353,False
2021-10-09 18:27:57.263801,False
2021-10-09 18:33:24.800365,True
2021-10-09 18:38:53.587573,True
2021-10-09 18:44:23.827828,True
2021-10-09 18:49:52.529940,True
2021-10-09 18:55:23.680434,True
2021-10-09 19:00:55.176880,True
2021-10-09 19:06:24.264609,False
2021-10-09 19:11:52.655734,False
2021-10-09 19:17:21.252542,False
2021-10-09 19:22:49.138896,False
2021-10-09 19:28:17.430703,False
2021-10-09 19:33:45.004156,False
2021-10-09 19:39:12.723734,False
2021-10-09 19:44:42.209408,False
2021-10-09 19:50:09.383664,False
2021-10-09 19:55:37.901427,False
2021-10-09 20:01:06.850526,False
2021-10-09 20:06:34.618752,True
2021-10-09 20:12:03.233422,True
2021-10-09 20:17:32.870893,True
2021-10-09 20:23:02.041099,True
2021-10-09 20:28:31.900032,True
2021-10-09 20:34:01.839595,True
2021-10-09 20:39:30.416658,False
2021-10-09 20:44:58.572808,False
2021-10-09 20:50:27.136851,False
2021-10-09 20:55:55.644182,False
2021-10-09 21:01:25.646166,False
2021-10-09 21:06:53.421763,False
2021-10-09 21:12:21.735252,False
2021-10-09 21:17:48.958125,False
2021-10-09 21:23:17.957041,False
2021-10-09 21:28:46.154672,False
2021-10-09 21:34:14.698928,False
2021-10-09 21:39:41.996432,True
2021-10-09 21:45:10.684141,True
2021-10-09 21:50:39.350915,True
2021-10-09 21:56:08.244196,True
2021-10-09 22:01:37.609003,True
2021-10-09 22:07:08.107073,True
2021-10-09 22:12:36.728387,False
2021-10-09 22:18:04.380316,False
2021-10-09 22:23:31.437454,False
2021-10-09 22:28:58.788453,False
2021-10-09 22:34:27.305163,False
2021-10-09 22:39:56.303155,False
2021-10-09 22:45:23.378874,False
2021-10-09 22:50:50.832936,False
2021-10-09 22:56:20.252671,False
2021-10-09 23:01:48.312659,False
2021-10-09 23:07:16.145996,False
2021-10-09 23:12:43.368027,True
2021-10-09 23:18:11.948573,True
2021-10-09 23:23:41.822062,True
2021-10-09 23:29:10.580828,True
2021-10-09 23:34:39.365435,True
2021-10-09 23:40:09.848270,True
2021-10-09 23:45:41.040387,False
2021-10-09 23:51:08.497221,False
2021-10-09 23:56:36.676835,False
2021-10-10 00:02:04.111125,False
2021-10-10 00:07:33.483767,False
2021-10-10 00:13:01.858629,False
2021-10-10 00:18:29.527079,False
2021-10-10 00:23:58.689130,False
2021-10-10 00:29:27.954034,False
2021-10-10 00:34:55.243816,False
2021-10-10 00:40:23.415595,False
2021-10-10 00:45:52.977996,True
2021-10-10 00:51:23.245056,True
2021-10-10 00:56:54.067335,True
2021-10-10 01:02:23.344479,True
2021-10-10 01:07:53.130857,True
2021-10-10 01:13:22.447799,True
2021-10-10 01:18:52.990367,False
2021-10-10 01:24:21.014281,False
2021-10-10 01:29:48.378565,False
2021-10-10 01:35:15.951913,False
2021-10-10 01:40:43.497347,False
2021-10-10 01:46:12.519435,False
2021-10-10 01:51:40.944026,False
2021-10-10 01:57:08.968464,False
2021-10-10 02:02:37.787713,False
2021-10-10 02:08:06.312609,False
2021-10-10 02:13:35.326185,False
2021-10-10 02:19:03.334428,True
2021-10-10 02:24:34.378292,True
2021-10-10 02:30:03.227021,True
2021-10-10 02:35:32.412850,True
2021-10-10 02:41:02.421865,True
2021-10-10 02:46:31.775921,True
2021-10-10 02:52:02.578959,False
2021-10-10 02:57:29.928210,False
2021-10-10 03:02:57.505706,False
2021-10-10 03:08:25.192540,False
2021-10-10 03:13:52.202682,False
2021-10-10 03:19:20.896509,False
2021-10-10 03:24:49.167860,False
2021-10-10 03:30:16.889842,False
2021-10-10 03:35:44.466455,False
2021-10-10 03:41:13.549016,False
2021-10-10 03:46:40.727983,False
2021-10-10 03:52:09.798965,True
2021-10-10 03:57:38.908237,True
2021-10-10 04:03:07.875358,True
2021-10-10 04:08:37.155790,True
2021-10-10 04:14:06.678831,True
2021-10-10 04:19:35.516470,True
2021-10-10 04:25:05.762321,False
2021-10-10 04:30:33.410042,False
2021-10-10 04:36:00.850520,False
2021-10-10 04:41:28.178969,False
2021-10-10 04:46:56.338493,False
2021-10-10 04:52:25.491594,False
2021-10-10 04:57:52.798937,False
2021-10-10 05:03:21.673774,False
2021-10-10 05:08:49.939902,False
2021-10-10 05:14:18.180567,False
2021-10-10 05:19:46.786513,False
2021-10-10 05:25:15.933799,True
2021-10-10 05:30:45.076583,True
2021-10-10 05:36:15.090961,True
2021-10-10 05:41:44.046063,True
2021-10-10 05:47:14.788585,True
2021-10-10 05:52:45.017785,True
2021-10-10 05:58:15.983972,False
2021-10-10 06:03:43.770580,False
2021-10-10 06:09:10.921241,False
2021-10-10 06:14:38.313788,False
2021-10-10 06:20:05.504794,False
2021-10-10 06:25:33.370068,False
2021-10-10 06:31:02.660371,False
2021-10-10 06:36:29.793886,False
2021-10-10 06:41:57.516884,False
2021-10-10 06:47:26.344623,False
2021-10-10 06:52:53.675428,False
2021-10-10 06:58:23.261631,True
2021-10-10 07:03:52.296541,True
2021-10-10 07:09:21.910962,True
2021-10-10 07:14:50.633207,True
2021-10-10 07:20:19.798376,True
2021-10-10 07:25:48.689392,True
2021-10-10 07:31:19.934057,False
2021-10-10 07:36:49.486833,False
2021-10-10 07:42:16.598660,False
2021-10-10 07:47:45.182539,False
2021-10-10 07:53:12.444129,False
2021-10-10 07:58:39.447461,False
2021-10-10 08:04:07.661523,False
2021-10-10 08:09:37.196170,False
2021-10-10 08:15:04.996877,False
2021-10-10 08:20:32.667304,False
2021-10-10 08:26:02.078247,False
2021-10-10 08:31:30.814989,True
2021-10-10 08:37:00.915370,True
2021-10-10 08:42:30.645004,True
2021-10-10 08:48:01.365770,True
2021-10-10 08:53:31.889466,True
2021-10-10 08:59:00.747346,True
2021-10-10 09:04:31.354830,False
2021-10-10 09:10:01.044167,False
2021-10-10 09:15:28.314576,False
2021-10-10 09:20:56.598509,False
2021-10-10 09:26:24.527883,False
2021-10-10 09:31:51.938559,False
2021-10-10 09:37:20.601845,False
2021-10-10 09:42:48.770119,False
2021-10-10 09:48:16.650566,False
2021-10-10 09:53:44.097067,False
2021-10-10 09:59:13.593017,False
2021-10-10 10:04:41.261164,True
2021-10-10 10:10:11.313369,True
2021-10-10 10:15:40.765839,True
2021-10-10 10:21:09.447205,True
2021-10-10 10:26:39.052806,True
2021-10-10 10:32:07.708262,True
2021-10-10 10:37:36.588972,False
2021-10-10 10:43:05.739018,False
2021-10-10 10:48:33.170451,False
2021-10-10 10:54:00.609677,False
2021-10-10 10:59:28.786132,False
2021-10-10 11:04:57.433397,False
2021-10-10 11:10:26.042862,False
2021-10-10 11:15:54.607779,False
2021-10-10 11:21:22.785197,False
2021-10-10 11:26:51.824374,False
2021-10-10 11:32:20.716963,False
2021-10-10 11:37:48.833007,True
2021-10-10 11:43:19.809234,True
2021-10-10 11:48:49.279792,True
2021-10-10 11:54:18.674779,True
2021-10-10 11:59:49.824866,True
2021-10-10 12:05:19.728914,True
2021-10-10 12:10:49.577123,False
2021-10-10 12:16:17.951529,False
2021-10-10 12:21:44.996980,False
2021-10-10 12:27:13.569691,False
2021-10-10 12:32:41.725760,False
2021-10-10 12:38:11.434297,False
2021-10-10 12:43:39.565439,False
2021-10-10 12:49:07.501812,False
2021-10-10 12:54:35.562270,False
2021-10-10 13:00:03.019843,False
2021-10-10 13:05:32.220513,False
2021-10-10 13:10:59.336482,True
2021-10-10 13:16:28.885182,True
2021-10-10 13:21:59.958943,True
2021-10-10 13:27:30.472845,True
2021-10-10 13:33:00.031932,True
2021-10-10 13:38:29.895428,True
2021-10-10 13:44:00.395768,False
2021-10-10 13:49:28.694602,False
2021-10-10 13:54:56.635211,False
2021-10-10 14:00:23.751824,False
2021-10-10 14:05:50.891218,False
2021-10-10 14:11:18.722206,False
2021-10-10 14:16:47.035933,False
2021-10-10 14:22:15.759927,False
2021-10-10 14:27:43.083248,False
2021-10-10 14:33:11.492108,False
2021-10-10 14:38:39.817039,False
2021-10-10 14:44:08.534130,True
2021-10-10 14:49:37.645107,True
2021-10-10 14:55:07.917465,True
2021-10-10 15:00:37.094831,True
2021-10-10 15:06:06.058348,True
2021-10-10 15:11:37.359715,True
2021-10-10 15:17:06.965973,False
2021-10-10 15:22:35.456274,False
2021-10-10 15:28:05.366119,False
2021-10-10 15:33:34.517451,False
2021-10-10 15:39:03.372466,False
2021-10-10 15:44:30.517481,False
2021-10-10 15:49:57.561233,False
2021-10-10 15:55:26.421536,False
2021-10-10 16:00:55.904055,False
2021-10-10 16:06:24.697366,False
2021-10-10 16:11:54.293733,False
2021-10-10 16:17:22.931693,True
2021-10-10 16:22:52.350033,True
2021-10-10 16:28:23.442919,True
2021-10-10 16:33:53.247244,True
2021-10-10 16:39:23.159238,True
2021-10-10 16:44:53.589192,True
2021-10-10 16:50:22.354678,False
2021-10-10 16:55:49.544399,False
2021-10-10 17:01:18.925733,False
2021-10-10 17:06:47.128842,False
2021-10-10 17:12:16.150444,False
2021-10-10 17:17:43.667770,False
2021-10-10 17:23:12.815134,False
2021-10-10 17:28:41.131869,False
2021-10-10 17:34:10.089083,False
2021-10-10 17:39:39.271625,False
2021-10-10 17:45:06.892224,False
2021-10-10 17:50:35.833841,True
2021-10-10 17:56:04.404052,True
2021-10-10 18:01:33.139665,True
2021-10-10 18:07:04.356083,True
2021-10-10 18:12:33.977753,True
2021-10-10 18:18:04.406807,True
2021-10-10 18:23:34.624498,False
2021-10-10 18:29:02.181501,False
2021-10-10 18:34:32.112063,False
2021-10-10 18:40:00.701490,False
2021-10-10 18:45:27.934055,False
2021-10-10 18:50:55.785320,False
2021-10-10 18:56:25.260668,False
2021-10-10 19:01:52.892249,False
2021-10-10 19:07:21.974788,False
2021-10-10 19:12:50.464095,False
2021-10-10 19:18:18.601149,False
2021-10-10 19:23:48.132292,True
2021-10-10 19:29:19.292416,True
2021-10-10 19:34:49.096308,True
2021-10-10 19:40:18.835242,True
2021-10-10 19:45:48.382509,True
2021-10-10 19:51:18.040584,True
2021-10-10 19:56:47.629771,False
2021-10-10 20:02:16.314634,False
2021-10-10 20:07:45.960157,False
2021-10-10 20:13:15.588162,False
2021-10-10 20:18:44.174278,False
2021-10-10 20:24:13.900344,False
2021-10-10 20:29:43.437695,False
2021-10-10 20:35:11.547347,False
2021-10-10 20:40:38.763122,False
2021-10-10 20:46:07.025838,False
2021-10-10 20:51:35.042300,False
2021-10-10 20:57:03.224511,True
2021-10-10 21:02:34.257284,True
2021-10-10 21:08:04.690699,True
2021-10-10 21:13:35.596094,True
2021-10-10 21:19:07.142536,True
2021-10-10 21:24:36.847151,True
2021-10-10 21:30:05.866102,False
2021-10-10 21:35:33.281265,False
2021-10-10 21:41:01.379858,False
2021-10-10 21:46:29.660142,False
2021-10-10 21:51:58.090255,False
2021-10-10 21:57:25.354648,False
2021-10-10 22:02:54.237842,False
2021-10-10 22:08:22.734997,False
2021-10-10 22:13:51.240063,False
2021-10-10 22:19:20.477660,False
2021-10-10 22:24:47.627634,False
2021-10-10 22:30:15.579489,True
2021-10-10 22:35:45.180348,True
2021-10-10 22:41:15.833911,True
2021-10-10 22:46:45.004925,True
2021-10-10 22:52:14.811347,True
2021-10-10 22:57:43.791571,True
2021-10-10 23:03:13.135069,False
2021-10-10 23:08:40.309839,False
2021-10-10 23:14:08.023352,False
2021-10-10 23:19:35.943764,False
2021-10-10 23:25:03.926753,False
2021-10-10 23:30:31.439480,False
2021-10-10 23:35:59.124389,False
2021-10-10 23:41:27.307742,False
2021-10-10 23:46:54.899170,False
2021-10-10 23:52:23.620447,False
2021-10-10 23:57:52.898323,False
2021-10-11 00:03:20.628709,True
2021-10-11 00:08:49.460116,True
2021-10-11 00:14:19.176833,True
2021-10-11 00:19:48.941635,True
2021-10-11 00:25:19.499961,True
2021-10-11 00:30:49.807156,True
2021-10-11 00:36:20.698714,False
2021-10-11 00:41:48.533150,False
2021-10-11 00:47:16.128440,False
2021-10-11 00:52:45.345684,False
2021-10-11 00:58:13.893381,False
2021-10-11 01:03:41.880232,False
2021-10-11 01:09:10.182899,False
2021-10-11 01:14:40.172072,False
2021-10-11 01:20:07.559396,False
2021-10-11 01:25:34.736951,False
2021-10-11 01:31:03.667727,False
2021-10-11 01:36:31.860196,True
2021-10-11 01:42:00.825242,True
2021-10-11 01:47:31.785174,True
2021-10-11 01:53:01.876302,True
2021-10-11 01:58:33.288892,True
2021-10-11 02:04:02.897238,True
2021-10-11 02:09:33.871524,False
2021-10-11 02:15:02.469653,False
2021-10-11 02:20:31.798907,False
2021-10-11 02:25:59.265004,False
2021-10-11 02:31:29.168299,False
2021-10-11 02:36:58.242052,False
2021-10-11 02:42:26.853412,False
2021-10-11 02:47:55.230041,False
2021-10-11 02:53:22.807221,False
2021-10-11 02:58:50.113281,False
2021-10-11 03:04:19.526899,False
2021-10-11 03:09:47.763555,True
2021-10-11 03:15:16.691738,True
2021-10-11 03:20:45.276688,True
2021-10-11 03:26:15.492666,True
2021-10-11 03:31:44.925773,True
2021-10-11 03:37:16.132431,True
2021-10-11 03:42:45.160030,False
2021-10-11 03:48:13.605659,False
2021-10-11 03:53:40.635526,False
2021-10-11 03:59:08.037183,False
2021-10-11 04:04:36.426893,False
2021-10-11 04:10:05.817404,False
2021-10-11 04:15:34.210587,False
2021-10-11 04:21:02.807680,False
2021-10-11 04:26:32.379800,False
2021-10-11 04:32:00.512690,False
2021-10-11 04:37:29.026236,False
2021-10-11 04:42:57.374901,True
2021-10-11 04:48:27.034144,True
2021-10-11 04:53:58.130589,True
2021-10-11 04:59:27.931262,True
2021-10-11 05:04:57.732849,True
2021-10-11 05:10:27.838973,True
2021-10-11 05:15:58.122948,False
2021-10-11 05:21:26.360758,False
2021-10-11 05:26:54.401320,False
2021-10-11 05:32:22.129520,False
2021-10-11 05:37:49.599739,False
2021-10-11 05:43:19.096453,False
2021-10-11 05:48:46.806318,False
2021-10-11 05:54:15.967801,False
2021-10-11 05:59:45.225732,False
2021-10-11 06:05:14.960594,False
2021-10-11 06:10:44.001310,False
2021-10-11 06:16:12.149425,True
2021-10-11 06:21:42.131944,True
2021-10-11 06:27:12.538466,True
2021-10-11 06:32:42.788446,True
2021-10-11 06:38:13.208168,True
2021-10-11 06:43:41.830720,True
2021-10-11 06:49:12.398290,False
2021-10-11 06:54:40.547179,False
2021-10-11 07:00:08.875360,False
2021-10-11 07:05:36.062960,False
2021-10-11 07:11:04.138733,False
2021-10-11 07:16:34.080763,False
2021-10-11 07:22:02.252161,False
2021-10-11 07:27:29.688332,False
2021-10-11 07:32:57.009769,False
2021-10-11 07:38:24.921045,False
2021-10-11 07:43:53.754511,False
2021-10-11 07:49:22.735506,True
2021-10-11 07:54:53.080041,True
2021-10-11 08:00:22.985738,True
2021-10-11 08:05:54.038112,True
2021-10-11 08:11:24.931857,True
2021-10-11 08:16:53.747480,True
2021-10-11 08:22:23.796340,False
2021-10-11 08:27:52.285369,False
2021-10-11 08:33:20.768934,False
2021-10-11 08:38:47.864682,False
2021-10-11 08:44:16.420835,False
2021-10-11 08:49:45.491837,False
2021-10-11 08:55:14.106057,False
2021-10-11 09:00:43.523008,False
2021-10-11 09:06:12.557288,False
2021-10-11 09:11:40.072910,False
2021-10-11 09:17:07.938689,False
2021-10-11 09:22:35.750897,True
2021-10-11 09:28:05.839762,True
2021-10-11 09:33:35.352810,True
2021-10-11 09:39:06.033229,True
2021-10-11 09:44:35.777345,True
2021-10-11 09:50:05.659983,True
2021-10-11 09:55:36.817296,False
2021-10-11 10:01:05.886342,False
2021-10-11 10:06:33.903500,False
2021-10-11 10:12:01.866065,False
2021-10-11 10:17:31.454168,False
2021-10-11 10:22:58.653925,False
2021-10-11 10:28:27.024678,False
2021-10-11 10:33:55.744640,False
2021-10-11 10:39:25.314679,False
2021-10-11 10:44:53.499142,False
2021-10-11 10:50:22.133123,False
2021-10-11 10:55:51.983196,True
2021-10-11 11:01:22.061498,True
2021-10-11 11:06:50.937249,True
2021-10-11 11:12:20.431745,True
2021-10-11 11:17:49.727093,True
2021-10-11 11:23:19.531917,True
2021-10-11 11:28:49.509058,False
2021-10-11 11:34:17.788050,False
2021-10-11 11:39:46.164109,False
2021-10-11 11:45:14.769804,False
2021-10-11 11:50:42.351438,False
2021-10-11 11:56:12.147998,False
2021-10-11 12:01:39.792137,False
2021-10-11 12:07:09.294655,False
2021-10-11 12:12:37.917201,False
2021-10-11 12:18:06.420210,False
2021-10-11 12:23:34.996533,False
2021-10-11 12:29:02.387466,True
2021-10-11 12:34:33.700658,True
2021-10-11 12:40:04.757536,True
2021-10-11 12:45:36.197069,True
2021-10-11 12:51:07.547462,True
2021-10-11 12:56:36.261311,True
2021-10-11 13:02:05.560987,False
2021-10-11 13:07:35.873427,False
2021-10-11 13:13:07.184734,False
2021-10-11 13:18:34.814553,False
2021-10-11 13:24:03.307193,False
2021-10-11 13:29:32.312629,False
2021-10-11 13:35:00.805693,False
2021-10-11 13:40:29.917767,False
2021-10-11 13:45:59.023989,False
2021-10-11 13:51:26.799565,False
2021-10-11 13:56:54.753008,False
2021-10-11 14:02:21.828086,True
2021-10-11 14:07:52.801289,True
2021-10-11 14:13:24.384462,True
2021-10-11 14:18:54.114082,True
2021-10-11 14:24:23.302726,True
2021-10-11 14:29:54.437546,True
2021-10-11 14:35:23.503584,False
2021-10-11 14:40:51.157213,False
2021-10-11 14:46:20.361667,False
2021-10-11 14:51:50.008108,False
2021-10-11 14:57:17.687372,False
2021-10-11 15:02:45.909130,False
2021-10-11 15:08:13.062123,False
2021-10-11 15:13:42.521282,False
2021-10-11 15:19:11.504316,False
2021-10-11 15:24:39.730306,False
2021-10-11 15:30:07.828336,False
2021-10-11 15:35:36.661203,True
2021-10-11 15:41:07.258024,True
2021-10-11 15:46:38.259067,True
2021-10-11 15:52:09.608880,True
2021-10-11 15:57:38.666611,True
2021-10-11 16:03:09.827371,True
2021-10-11 16:08:39.625254,False
2021-10-11 16:14:08.859814,False
2021-10-11 16:19:37.858708,False
2021-10-11 16:25:07.488272,False
2021-10-11 16:30:36.869657,False
2021-10-11 16:36:06.102192,False
2021-10-11 16:41:35.425875,False
2021-10-11 16:47:04.517675,False
2021-10-11 16:52:31.925692,False
2021-10-11 16:58:01.502719,False
2021-10-11 17:03:29.372060,False
2021-10-11 17:08:57.514604,True
2021-10-11 17:14:27.177311,True
2021-10-11 17:19:57.712350,True
2021-10-11 17:25:28.494804,True
2021-10-11 17:30:58.067877,True
2021-10-11 17:36:29.760679,True
2021-10-11 17:42:00.405983,False
2021-10-11 17:47:28.003781,False
2021-10-11 17:52:56.601423,False
2021-10-11 17:58:24.373649,False
2021-10-11 18:03:52.773769,False
2021-10-11 18:09:22.169931,False
2021-10-11 18:14:49.985006,False
2021-10-11 18:20:17.880191,False
2021-10-11 18:25:45.166246,False
2021-10-11 18:31:15.527529,False
2021-10-11 18:36:43.643119,False
2021-10-11 18:42:11.306377,True
2021-10-11 18:47:40.582894,True
2021-10-11 18:53:10.667359,True
2021-10-11 18:58:39.859730,True
2021-10-11 19:04:10.134354,True
2021-10-11 19:09:40.973401,True
2021-10-11 19:15:09.661729,False
2021-10-11 19:20:38.560034,False
2021-10-11 19:26:08.133463,False
2021-10-11 19:31:36.093752,False
2021-10-11 19:37:05.072757,False
2021-10-11 19:42:32.418467,False
2021-10-11 19:48:00.378482,False
2021-10-11 19:53:28.656523,False
2021-10-11 19:58:57.493154,False
2021-10-11 20:04:27.528679,False
2021-10-11 20:09:55.992320,False
2021-10-11 20:15:24.975897,True
2021-10-11 20:20:54.500343,True
2021-10-11 20:26:24.067402,True
2021-10-11 20:31:55.637351,True
2021-10-11 20:37:27.452611,True
2021-10-11 20:42:58.036791,True
2021-10-11 20:48:28.236725,False
2021-10-11 20:53:56.167830,False
2021-10-11 20:59:25.063413,False
2021-10-11 21:04:52.517930,False
2021-10-11 21:10:21.796849,False
2021-10-11 21:15:49.791835,False
2021-10-11 21:21:18.571861,False
2021-10-11 21:26:48.666914,False
2021-10-11 21:32:17.182316,False
2021-10-11 21:37:44.228669,False
2021-10-11 21:43:13.075653,False
2021-10-11 21:48:41.725998,True
2021-10-11 21:54:12.656123,True
2021-10-11 21:59:41.789235,True
2021-10-11 22:05:12.461370,True
2021-10-11 22:10:41.336783,True
2021-10-11 22:16:12.545640,True
2021-10-11 22:21:42.477030,False
2021-10-11 22:27:12.172153,False
2021-10-11 22:32:40.921060,False
2021-10-11 22:38:09.567181,False
2021-10-11 22:43:38.085200,False
2021-10-11 22:49:07.654846,False
2021-10-11 22:54:34.781088,False
2021-10-11 23:00:03.916262,False
2021-10-11 23:05:32.273157,False
2021-10-11 23:10:59.655972,False
2021-10-11 23:16:28.340892,False
2021-10-11 23:21:57.777637,True
2021-10-11 23:27:27.976119,True
2021-10-11 23:32:58.447366,True
2021-10-11 23:38:28.205917,True
2021-10-11 23:43:58.829231,True
2021-10-11 23:49:29.975790,True
2021-10-11 23:55:00.130732,False
2021-10-12 00:00:28.369140,False
2021-10-12 00:05:55.818787,False
2021-10-12 00:11:24.427606,False
2021-10-12 00:16:51.434085,False
2021-10-12 00:22:20.341512,False
2021-10-12 00:27:48.515855,False
2021-10-12 00:33:15.945026,False
2021-10-12 00:38:43.393244,False
2021-10-12 00:44:12.849514,False
2021-10-12 00:49:42.153096,False
2021-10-12 00:55:11.070855,True
2021-10-12 01:00:40.019002,True
2021-10-12 01:06:09.311420,True
2021-10-12 01:11:38.722241,True
2021-10-12 01:17:08.988093,True
2021-10-12 01:22:38.440912,True
2021-10-12 01:28:08.331104,False
2021-10-12 01:33:35.888312,False
2021-10-12 01:39:03.167896,False
2021-10-12 01:44:31.381710,False
2021-10-12 01:49:59.820043,False
2021-10-12 01:55:27.936270,False
2021-10-12 02:00:56.075052,False
2021-10-12 02:06:23.759766,False
2021-10-12 02:11:50.834644,False
2021-10-12 02:17:19.601537,False
2021-10-12 02:22:48.978263,False
2021-10-12 02:28:17.999863,True
2021-10-12 02:33:48.485098,True
2021-10-12 02:39:18.035855,True
2021-10-12 02:44:47.476706,True
2021-10-12 02:50:17.245680,True
2021-10-12 02:55:48.054440,True
2021-10-12 03:01:18.517416,False
2021-10-12 03:06:47.373923,False
2021-10-12 03:12:14.901993,False
2021-10-12 03:17:43.620285,False
2021-10-12 03:23:12.026926,False
2021-10-12 03:28:38.987221,False
2021-10-12 03:34:07.731736,False
2021-10-12 03:39:34.908799,False
2021-10-12 03:45:02.077531,False
2021-10-12 03:50:30.379420,False
2021-10-12 03:55:58.459983,False
2021-10-12 04:01:26.829411,True
2021-10-12 04:06:57.441266,True
2021-10-12 04:12:27.197085,True
2021-10-12 04:17:56.704559,True
2021-10-12 04:23:27.124125,True
2021-10-12 04:28:55.829776,True
2021-10-12 04:34:25.032147,False
2021-10-12 04:39:54.041228,False
2021-10-12 04:45:22.098712,False
2021-10-12 04:50:49.624961,False
2021-10-12 04:56:18.040919,False
2021-10-12 05:01:46.232544,False
2021-10-12 05:07:15.375853,False
2021-10-12 05:12:44.797407,False
2021-10-12 05:18:14.699863,False
2021-10-12 05:23:43.812930,False
2021-10-12 05:29:11.064056,False
2021-10-12 05:34:39.115749,True
2021-10-12 05:40:10.256231,True
2021-10-12 05:45:40.199758,True
2021-10-12 05:51:09.558262,True
2021-10-12 05:56:38.520534,True
2021-10-12 06:02:08.394592,True
2021-10-12 06:07:39.437502,False
2021-10-12 06:13:08.916837,False
2021-10-12 06:18:38.107598,False
2021-10-12 06:24:05.082169,False
2021-10-12 06:29:32.872616,False
2021-10-12 06:34:59.884704,False
2021-10-12 06:40:29.134396,False
2021-10-12 06:45:58.094713,False
2021-10-12 06:51:26.349518,False
2021-10-12 06:56:54.114035,False
2021-10-12 07:02:21.337922,False
2021-10-12 07:07:48.847525,True
2021-10-12 07:13:20.392421,True
2021-10-12 07:18:50.689244,True
2021-10-12 07:24:21.072814,True
2021-10-12 07:29:49.983104,True
2021-10-12 07:35:20.593027,True
2021-10-12 07:40:51.091071,False
2021-10-12 07:46:19.480805,False
2021-10-12 07:51:48.111268,False
2021-10-12 07:57:15.386853,False
2021-10-12 08:02:44.844095,False
2021-10-12 08:08:13.818031,False
2021-10-12 08:13:42.319101,False
2021-10-12 08:19:11.884844,False
2021-10-12 08:24:39.216902,False
2021-10-12 08:30:07.301201,False
2021-10-12 08:35:36.080137,False
2021-10-12 08:41:03.849534,True
2021-10-12 08:46:34.191143,True
2021-10-12 08:52:04.136682,True
2021-10-12 08:57:33.122917,True
2021-10-12 09:03:02.481467,True
2021-10-12 09:08:32.427278,True
2021-10-12 09:14:01.885957,False
2021-10-12 09:19:29.329897,False
2021-10-12 09:24:58.237405,False
2021-10-12 09:30:27.238761,False
2021-10-12 09:35:55.702884,False
2021-10-12 09:41:22.777984,False
2021-10-12 09:46:51.377278,False
2021-10-12 09:52:20.298761,False
2021-10-12 09:57:49.420406,False
2021-10-12 10:03:17.984392,False
2021-10-12 10:08:46.656434,False
2021-10-12 10:14:14.716227,True
2021-10-12 10:19:45.618472,True
2021-10-12 10:25:16.427738,True
2021-10-12 10:30:46.547475,True
2021-10-12 10:36:16.341290,True
2021-10-12 10:41:45.144829,True
2021-10-12 10:47:13.921044,False
2021-10-12 10:52:40.999083,False
2021-10-12 10:58:09.640906,False
2021-10-12 11:03:37.512647,False
2021-10-12 11:09:05.526760,False
2021-10-12 11:14:32.739823,False
2021-10-12 11:20:01.749741,False
2021-10-12 11:25:29.265283,False
2021-10-12 11:30:58.181868,False
2021-10-12 11:36:26.546825,False
2021-10-12 11:41:53.638386,False
2021-10-12 11:47:22.578830,True
2021-10-12 11:52:51.981419,True
2021-10-12 11:58:21.670748,True
2021-10-12 12:03:52.051812,True
2021-10-12 12:09:21.121163,True
2021-10-12 12:14:51.361689,True
2021-10-12 12:20:21.198586,False
2021-10-12 12:25:49.158658,False
2021-10-12 12:31:17.944207,False
2021-10-12 12:36:47.471999,False
2021-10-12 12:42:15.183392,False
2021-10-12 12:47:43.794955,False
2021-10-12 12:53:12.624191,False
2021-10-12 12:58:39.766972,False
2021-10-12 13:04:09.547346,False
2021-10-12 13:09:37.487276,False
2021-10-12 13:15:04.567325,False
2021-10-12 13:20:33.616209,True
2021-10-12 13:26:04.007102,True
2021-10-12 13:31:32.875445,True
2021-10-12 13:37:02.438172,True
2021-10-12 13:42:33.342243,True
2021-10-12 13:48:02.133719,True
2021-10-12 13:53:32.206309,False
2021-10-12 13:59:02.129189,False
2021-10-12 14:04:29.683599,False
2021-10-12 14:09:58.044028,False
2021-10-12 14:15:25.988716,False
2021-10-12 14:20:52.993112,False
2021-10-12 14:26:21.255322,False
2021-10-12 14:31:49.238733,False
2021-10-12 14:37:18.577990,False
2021-10-12 14:42:47.588733,False
2021-10-12 14:48:14.756517,False
2021-10-12 14:53:41.798811,True
2021-10-12 14:59:11.909012,True
2021-10-12 15:04:41.823587,True
2021-10-12 15:10:12.136178,True
2021-10-12 15:15:41.845769,True
2021-10-12 15:21:10.904398,True
2021-10-12 15:26:39.641343,False
2021-10-12 15:32:09.300377,False
2021-10-12 15:37:38.782168,False
2021-10-12 15:43:07.105241,False
2021-10-12 15:48:35.139225,False
2021-10-12 15:54:02.902968,False
2021-10-12 15:59:31.345799,False
2021-10-12 16:04:59.268196,False
2021-10-12 16:10:26.828777,False
2021-10-12 16:15:56.743481,False
2021-10-12 16:21:23.823702,False
2021-10-12 16:26:51.916058,True
2021-10-12 16:32:22.219678,True
2021-10-12 16:37:53.245383,True
2021-10-12 16:43:23.060191,True
2021-10-12 16:48:53.257745,True
2021-10-12 16:54:24.056246,True
2021-10-12 16:59:53.207970,False
2021-10-12 17:05:21.278696,False
2021-10-12 17:10:49.888273,False
2021-10-12 17:16:18.441471,False
2021-10-12 17:21:45.532155,False
2021-10-12 17:27:13.521931,False
2021-10-12 17:32:41.281068,False
2021-10-12 17:38:08.552800,False
2021-10-12 17:43:36.245779,False
2021-10-12 17:49:05.201478,False
2021-10-12 17:54:34.281642,False
2021-10-12 18:00:02.608918,True
2021-10-12 18:05:31.618654,True
2021-10-12 18:11:00.400988,True
2021-10-12 18:16:30.238909,True
2021-10-12 18:21:59.621123,True
2021-10-12 18:27:30.168395,True
2021-10-12 18:33:00.810716,False
2021-10-12 18:38:28.560010,False
2021-10-12 18:43:56.376961,False
2021-10-12 18:49:25.673143,False
2021-10-12 18:54:54.953385,False
2021-10-12 19:00:22.686577,False
2021-10-12 19:05:50.572848,False
2021-10-12 19:11:17.885263,False
2021-10-12 19:16:46.137135,False
2021-10-12 19:22:14.822307,False
2021-10-12 19:27:43.508412,False
2021-10-12 19:33:10.953993,True
2021-10-12 19:38:40.659909,True
2021-10-12 19:44:09.536539,True
2021-10-12 19:49:38.779234,True
2021-10-12 19:55:08.856186,True
2021-10-12 20:00:37.815292,True
2021-10-12 20:06:07.689684,False
2021-10-12 20:11:34.896586,False
2021-10-12 20:17:03.280426,False
2021-10-12 20:22:32.194488,False
2021-10-12 20:28:00.394076,False
2021-10-12 20:33:28.181984,False
2021-10-12 20:38:55.470648,False
2021-10-12 20:44:22.913022,False
2021-10-12 20:49:51.595335,False
2021-10-12 20:55:20.639578,False
2021-10-12 21:00:48.060612,False
2021-10-12 21:06:15.874697,True
2021-10-12 21:11:45.681529,True
2021-10-12 21:17:15.520882,True
2021-10-12 21:22:44.730842,True
2021-10-12 21:28:15.272514,True
2021-10-12 21:33:43.984007,True
2021-10-12 21:39:12.586368,False
2021-10-12 21:44:41.339118,False
2021-10-12 21:50:11.062362,False
2021-10-12 21:55:39.781405,False
2021-10-12 22:01:09.083569,False
2021-10-12 22:06:37.282334,False
2021-10-12 22:12:04.622305,False
2021-10-12 22:17:32.204592,False
2021-10-12 22:23:00.409038,False
2021-10-12 22:28:28.313992,False
2021-10-12 22:33:55.738301,False
2021-10-12 22:39:22.793061,True
2021-10-12 22:44:51.588208,True
2021-10-12 22:50:21.920151,True
2021-10-12 22:55:50.597460,True
2021-10-12 23:01:21.143872,True
2021-10-12 23:06:50.150224,True
2021-10-12 23:12:19.033253,False
2021-10-12 23:17:47.891044,False
2021-10-12 23:23:15.119790,False
2021-10-12 23:28:42.841669,False
2021-10-12 23:34:10.453267,False
2021-10-12 23:39:38.884973,False
2021-10-12 23:45:07.074875,False
2021-10-12 23:50:34.808739,False
2021-10-12 23:56:02.449834,False
2021-10-13 00:01:31.206630,False
2021-10-13 00:07:00.652761,False
2021-10-13 00:12:28.056012,True
2021-10-13 00:17:57.567288,True
2021-10-13 00:23:26.925150,True
2021-10-13 00:28:57.982331,True
2021-10-13 00:34:27.814998,True
2021-10-13 00:39:57.112760,True
2021-10-13 00:45:27.413484,False
2021-10-13 00:50:56.197261,False
2021-10-13 00:56:24.276960,False
2021-10-13 01:01:51.511901,False
2021-10-13 01:07:20.714340,False
2021-10-13 01:12:47.803861,False
2021-10-13 01:18:15.648186,False
2021-10-13 01:23:42.638709,False
2021-10-13 01:29:11.686249,False
2021-10-13 01:34:39.068387,False
2021-10-13 01:40:08.121495,False
2021-10-13 01:45:37.552377,True
2021-10-13 01:51:06.980470,True
2021-10-13 01:56:37.336723,True
2021-10-13 02:02:06.194995,True
2021-10-13 02:07:36.580170,True
2021-10-13 02:13:07.537643,True
2021-10-13 02:18:37.541328,False
2021-10-13 02:24:04.577093,False
2021-10-13 02:29:31.657860,False
2021-10-13 02:34:59.661464,False
2021-10-13 02:40:27.855402,False
2021-10-13 02:45:56.320931,False
2021-10-13 02:51:24.544705,False
2021-10-13 02:56:52.211512,False
2021-10-13 03:02:20.123938,False
2021-10-13 03:07:47.354046,False
2021-10-13 03:13:16.649782,False
2021-10-13 03:18:43.938668,True
2021-10-13 03:24:14.125420,True
2021-10-13 03:29:42.784117,True
2021-10-13 03:35:11.934567,True
2021-10-13 03:40:41.288486,True
2021-10-13 03:46:11.874466,True
2021-10-13 03:51:40.446279,False
2021-10-13 03:57:08.101181,False
2021-10-13 04:02:35.254292,False
2021-10-13 04:08:02.604668,False
2021-10-13 04:13:30.129348,False
2021-10-13 04:18:58.961191,False
2021-10-13 04:24:26.754080,False
2021-10-13 04:29:55.501109,False
2021-10-13 04:35:22.870058,False
2021-10-13 04:40:51.735879,False
2021-10-13 04:46:19.981420,False
2021-10-13 04:51:48.957898,True
2021-10-13 04:57:19.325022,True
2021-10-13 05:02:49.075507,True
2021-10-13 05:08:19.317107,True
2021-10-13 05:13:50.425284,True
2021-10-13 05:19:20.560716,True
2021-10-13 05:24:49.896984,False
2021-10-13 05:30:17.413823,False
2021-10-13 05:35:46.446951,False
2021-10-13 05:41:16.078252,False
2021-10-13 05:46:45.036796,False
2021-10-13 05:52:14.621805,False
2021-10-13 05:57:41.677141,False
2021-10-13 06:03:09.595021,False
2021-10-13 06:08:37.870449,False
2021-10-13 06:14:05.839772,False
2021-10-13 06:19:35.395183,False
2021-10-13 06:25:04.430178,True
2021-10-13 06:30:33.786303,True
2021-10-13 06:36:03.030372,True
2021-10-13 06:41:32.491580,True
2021-10-13 06:47:02.488994,True
2021-10-13 06:52:31.395017,True
2021-10-13 06:58:01.810861,False
2021-10-13 07:03:29.240180,False
2021-10-13 07:08:56.688393,False
2021-10-13 07:14:24.156683,False
2021-10-13 07:19:52.457031,False
2021-10-13 07:25:21.556205,False
2021-10-13 07:30:49.711065,False
2021-10-13 07:36:18.622943,False
2021-10-13 07:41:46.880311,False
2021-10-13 07:47:16.339084,False
2021-10-13 07:52:43.843808,False
2021-10-13 07:58:13.054547,True
2021-10-13 08:03:43.222090,True
2021-10-13 08:09:13.452098,True
2021-10-13 08:14:43.559527,True
2021-10-13 08:20:13.053857,True
2021-10-13 08:25:44.059919,True
2021-10-13 08:31:14.604160,False
2021-10-13 08:36:43.433200,False
2021-10-13 08:42:11.675730,False
2021-10-13 08:47:38.645897,False
2021-10-13 08:53:05.612740,False
2021-10-13 08:58:34.198177,False
2021-10-13 09:04:03.042392,False
2021-10-13 09:09:31.928349,False
2021-10-13 09:15:00.056354,False
2021-10-13 09:20:27.291641,False
2021-10-13 09:25:55.566345,False
2021-10-13 09:31:24.885960,True
2021-10-13 09:36:54.312906,True
2021-10-13 09:42:24.024334,True
2021-10-13 09:47:52.517374,True
2021-10-13 09:53:22.255636,True
2021-10-13 09:58:51.907787,True
2021-10-13 10:04:21.024176,False
2021-10-13 10:09:48.017159,False
2021-10-13 10:15:15.539160,False
2021-10-13 10:20:44.256786,False
2021-10-13 10:26:12.020968,False
2021-10-13 10:31:40.317926,False
2021-10-13 10:37:09.427766,False
2021-10-13 10:42:36.787122,False
2021-10-13 10:48:05.182412,False
2021-10-13 10:53:34.243676,False
2021-10-13 10:59:03.305272,False
2021-10-13 11:04:31.935424,True
2021-10-13 11:10:02.066001,True
2021-10-13 11:15:32.876359,True
2021-10-13 11:21:03.297136,True
2021-10-13 11:26:33.539689,True
2021-10-13 11:32:02.464190,True
2021-10-13 11:37:32.229007,False
2021-10-13 11:43:01.994273,False
2021-10-13 11:48:29.757046,False
2021-10-13 11:53:57.739076,False
2021-10-13 11:59:25.080473,False
2021-10-13 12:04:53.618032,False
2021-10-13 12:10:21.388292,False
2021-10-13 12:15:49.081605,False
2021-10-13 12:21:16.332899,False
2021-10-13 12:26:45.494715,False
2021-10-13 12:32:12.780274,False
2021-10-13 12:37:41.655317,True
2021-10-13 12:43:11.557864,True
2021-10-13 12:48:41.703192,True
2021-10-13 12:54:11.809751,True
2021-10-13 12:59:41.260666,True
2021-10-13 13:05:09.820580,True
2021-10-13 13:10:39.061354,False
2021-10-13 13:16:08.453452,False
2021-10-13 13:21:35.892837,False
2021-10-13 13:27:03.768190,False
2021-10-13 13:32:32.310857,False
2021-10-13 13:38:00.532909,False
2021-10-13 13:43:28.236862,False
2021-10-13 13:48:57.117104,False
2021-10-13 13:54:26.156668,False
2021-10-13 13:59:54.085414,False
2021-10-13 14:05:21.837072,False
2021-10-13 14:10:50.476142,True
2021-10-13 14:16:19.987437,True
2021-10-13 14:21:49.070353,True
2021-10-13 14:27:18.268643,True
2021-10-13 14:32:47.355945,True
2021-10-13 14:38:15.972792,True
2021-10-13 14:43:44.549826,False
2021-10-13 14:49:12.742562,False
2021-10-13 14:54:40.562152,False
2021-10-13 15:00:08.133814,False
2021-10-13 15:05:36.294879,False
2021-10-13 15:11:03.268615,False
2021-10-13 15:16:32.226997,False
2021-10-13 15:22:01.338899,False
2021-10-13 15:27:29.602441,False
2021-10-13 15:32:56.838716,False
2021-10-13 15:38:24.097269,False
2021-10-13 15:43:51.145214,True
2021-10-13 15:49:20.864759,True
2021-10-13 15:54:50.489015,True
2021-10-13 16:00:19.816457,True
2021-10-13 16:05:48.412714,True
2021-10-13 16:11:19.607377,True
2021-10-13 16:16:50.637973,False
2021-10-13 16:22:19.572721,False
2021-10-13 16:27:47.291297,False
2021-10-13 16:33:16.267509,False
2021-10-13 16:38:43.426696,False
2021-10-13 16:44:11.037215,False
2021-10-13 16:49:39.732497,False
2021-10-13 16:55:08.624875,False
2021-10-13 17:00:36.783244,False
2021-10-13 17:06:04.538487,False
2021-10-13 17:11:32.372774,False
2021-10-13 17:17:01.015897,True
2021-10-13 17:22:31.454504,True
2021-10-13 17:28:01.939301,True
2021-10-13 17:33:31.324482,True
2021-10-13 17:38:59.885641,True
2021-10-13 17:44:28.501085,True
2021-10-13 17:49:58.705220,False
2021-10-13 17:55:26.582934,False
2021-10-13 18:00:55.442717,False
2021-10-13 18:06:23.331739,False
2021-10-13 18:11:50.953308,False
2021-10-13 18:17:19.495003,False
2021-10-13 18:22:47.036554,False
2021-10-13 18:28:15.560602,False
2021-10-13 18:33:44.190630,False
2021-10-13 18:39:13.369357,False
2021-10-13 18:44:40.900520,False
2021-10-13 18:50:08.253441,True
2021-10-13 18:55:36.988875,True
2021-10-13 19:01:07.691664,True
2021-10-13 19:06:37.549894,True
2021-10-13 19:12:06.052439,True
2021-10-13 19:17:36.669826,True
2021-10-13 19:23:06.031809,False
2021-10-13 19:28:34.875321,False
2021-10-13 19:34:02.991382,False
2021-10-13 19:39:30.604067,False
2021-10-13 19:44:58.346037,False
2021-10-13 19:50:25.441002,False
2021-10-13 19:55:54.617869,False
2021-10-13 20:01:24.158653,False
2021-10-13 20:06:52.696409,False
2021-10-13 20:12:19.758644,False
2021-10-13 20:17:48.680978,False
2021-10-13 20:23:17.377452,True
2021-10-13 20:28:46.243477,True
2021-10-13 20:34:16.371621,True
2021-10-13 20:39:46.648431,True
2021-10-13 20:45:16.958911,True
2021-10-13 20:50:46.089973,True
2021-10-13 20:56:16.275099,False
2021-10-13 21:01:44.353234,False
2021-10-13 21:07:12.498538,False
2021-10-13 21:12:41.935921,False
2021-10-13 21:18:11.177301,False
2021-10-13 21:23:38.409132,False
2021-10-13 21:29:05.569419,False
2021-10-13 21:34:34.228552,False
2021-10-13 21:40:02.886980,False
2021-10-13 21:45:30.717015,False
2021-10-13 21:50:57.863198,False
2021-10-13 21:56:25.277812,True
2021-10-13 22:01:54.503768,True
2021-10-13 22:07:25.828524,True
2021-10-13 22:12:57.002260,True
2021-10-13 22:18:25.840076,True
2021-10-13 22:23:55.894687,True
2021-10-13 22:29:24.944282,False
2021-10-13 22:34:52.839745,False
2021-10-13 22:40:21.831417,False
2021-10-13 22:45:48.987725,False
2021-10-13 22:51:18.377433,False
2021-10-13 22:56:46.256922,False
2021-10-13 23:02:15.225854,False
2021-10-13 23:07:43.100277,False
2021-10-13 23:13:12.258477,False
2021-10-13 23:18:39.229025,False
2021-10-13 23:24:08.014777,False
2021-10-13 23:29:35.385699,True
2021-10-13 23:35:05.235960,True
2021-10-13 23:40:35.847318,True
2021-10-13 23:46:06.362945,True
2021-10-13 23:51:35.307364,True
2021-10-13 23:57:05.643281,True
2021-10-14 00:02:34.385729,False
2021-10-14 00:08:02.760443,False
2021-10-14 00:13:30.692956,False
2021-10-14 00:18:58.914453,False
2021-10-14 00:24:26.928124,False
2021-10-14 00:29:55.618935,False
2021-10-14 00:35:25.050966,False
2021-10-14 00:40:52.552706,False
2021-10-14 00:46:20.631718,False
2021-10-14 00:51:48.472198,False
2021-10-14 00:57:16.848092,False
2021-10-14 01:02:43.920489,True
2021-10-14 01:08:13.504462,True
2021-10-14 01:13:43.324636,True
2021-10-14 01:19:14.261029,True
2021-10-14 01:24:43.529642,True
2021-10-14 01:30:12.034207,True
2021-10-14 01:35:41.203473,False
2021-10-14 01:41:09.266034,False
2021-10-14 01:46:37.583469,False
2021-10-14 01:52:06.380555,False
2021-10-14 01:57:35.626762,False
2021-10-14 02:03:03.456657,False
2021-10-14 02:08:31.212526,False
2021-10-14 02:13:58.591939,False
2021-10-14 02:19:27.423328,False
2021-10-14 02:24:54.769015,False
2021-10-14 02:30:22.967720,False
2021-10-14 02:35:50.000210,True
2021-10-14 02:41:20.658923,True
2021-10-14 02:46:49.444279,True
2021-10-14 02:52:18.983238,True
2021-10-14 02:57:47.559494,True
2021-10-14 03:03:19.186309,True
2021-10-14 03:08:48.361300,False
2021-10-14 03:14:16.883647,False
2021-10-14 03:19:45.899511,False
2021-10-14 03:25:15.895460,False
2021-10-14 03:30:43.733470,False
2021-10-14 03:36:12.170988,False
2021-10-14 03:41:41.455960,False
2021-10-14 03:47:09.964909,False
2021-10-14 03:52:37.540114,False
2021-10-14 03:58:06.260633,False
2021-10-14 04:03:34.691416,False
2021-10-14 04:09:01.952909,True
2021-10-14 04:14:31.668464,True
2021-10-14 04:20:00.405312,True
2021-10-14 04:25:29.377218,True
2021-10-14 04:30:59.249781,True
2021-10-14 04:36:28.496618,True
2021-10-14 04:41:58.586447,False
2021-10-14 04:47:27.293764,False
2021-10-14 04:52:55.281211,False
2021-10-14 04:58:23.329512,False
2021-10-14 05:03:51.838544,False
2021-10-14 05:09:19.482657,False
2021-10-14 05:14:47.292351,False
2021-10-14 05:20:15.476032,False
2021-10-14 05:25:44.450294,False
2021-10-14 05:31:12.925156,False
2021-10-14 05:36:40.998518,False
2021-10-14 05:42:09.123603,True
2021-10-14 05:47:38.102079,True
2021-10-14 05:53:06.991556,True
2021-10-14 05:58:37.586758,True
2021-10-14 06:04:08.389063,True
2021-10-14 06:09:37.422452,True
2021-10-14 06:15:06.499129,False
2021-10-14 06:20:33.523717,False
2021-10-14 06:26:01.504848,False
2021-10-14 06:31:31.377630,False
2021-10-14 06:37:00.854054,False
2021-10-14 06:42:28.630549,False
2021-10-14 06:47:58.025333,False
2021-10-14 06:53:27.341106,False
2021-10-14 06:58:54.964606,False
2021-10-14 07:04:23.451794,False
2021-10-14 07:09:52.114911,False
2021-10-14 07:15:19.758093,True
2021-10-14 07:20:50.606700,True
2021-10-14 07:26:19.784154,True
2021-10-14 07:31:48.636031,True
2021-10-14 07:37:19.131561,True
2021-10-14 07:42:49.552447,True
2021-10-14 07:48:19.215393,False
2021-10-14 07:53:47.267087,False
2021-10-14 07:59:16.918731,False
2021-10-14 08:04:43.903157,False
2021-10-14 08:10:12.545640,False
2021-10-14 08:15:40.171480,False
2021-10-14 08:21:08.107808,False
2021-10-14 08:26:36.537001,False
2021-10-14 08:32:04.582582,False
2021-10-14 08:37:33.265154,False
2021-10-14 08:43:02.575823,False
2021-10-14 08:48:30.565306,True
2021-10-14 08:54:01.788273,True
2021-10-14 08:59:31.404237,True
2021-10-14 09:05:01.033115,True
2021-10-14 09:10:30.261126,True
2021-10-14 09:15:59.834760,True
2021-10-14 09:21:29.015255,False
2021-10-14 09:26:56.720174,False
2021-10-14 09:32:25.349061,False
2021-10-14 09:37:52.800428,False
2021-10-14 09:43:21.348608,False
2021-10-14 09:48:49.356884,False
2021-10-14 09:54:18.188993,False
2021-10-14 09:59:46.784110,False
2021-10-14 10:05:14.189929,False
2021-10-14 10:10:41.248961,False
2021-10-14 10:16:10.283240,False
2021-10-14 10:21:38.206622,True
2021-10-14 10:27:07.896195,True
2021-10-14 10:32:38.250857,True
2021-10-14 10:38:07.511504,True
2021-10-14 10:43:36.187030,True
2021-10-14 10:49:06.930397,True
2021-10-14 10:54:36.503896,False
2021-10-14 11:00:03.768060,False
2021-10-14 11:05:32.323399,False
2021-10-14 11:11:00.569790,False
2021-10-14 11:16:28.428530,False
2021-10-14 11:21:56.738896,False
2021-10-14 11:27:24.996139,False
2021-10-14 11:32:53.981406,False
2021-10-14 11:38:22.962360,False
2021-10-14 11:43:50.413675,False
2021-10-14 11:49:18.760646,False
2021-10-14 11:54:47.471186,True
2021-10-14 12:00:16.176428,True
2021-10-14 12:05:46.432558,True
2021-10-14 12:11:16.286834,True
2021-10-14 12:16:46.178888,True
2021-10-14 12:22:16.688002,True
2021-10-14 12:27:45.639689,False
2021-10-14 12:33:13.094235,False
2021-10-14 12:38:41.609002,False
2021-10-14 12:44:09.720129,False
2021-10-14 12:49:38.317028,False
2021-10-14 12:55:06.494186,False
2021-10-14 13:00:34.430797,False
2021-10-14 13:06:01.594980,False
2021-10-14 13:11:29.183627,False
2021-10-14 13:16:56.448912,False
2021-10-14 13:22:24.455756,False
2021-10-14 13:27:51.884922,True
2021-10-14 13:33:20.873272,True
2021-10-14 13:38:50.893050,True
2021-10-14 13:44:20.637365,True
2021-10-14 13:49:51.593476,True
2021-10-14 13:55:21.616932,True
2021-10-14 14:00:50.788105,False
2021-10-14 14:06:18.578211,False
2021-10-14 14:11:46.504489,False
2021-10-14 14:17:14.800717,False
2021-10-14 14:22:43.498145,False
2021-10-14 14:28:13.311354,False
2021-10-14 14:33:41.279685,False
2021-10-14 14:39:08.577998,False
2021-10-14 14:44:38.015300,False
2021-10-14 14:50:07.928317,False
2021-10-14 14:55:37.600632,False
2021-10-14 15:01:06.770390,True
2021-10-14 15:06:35.401339,True
2021-10-14 15:12:04.669038,True
2021-10-14 15:17:34.348896,True
2021-10-14 15:23:05.437775,True
2021-10-14 15:28:36.748198,True
2021-10-14 15:34:08.034235,False
2021-10-14 15:39:36.343086,False
2021-10-14 15:45:05.271519,False
2021-10-14 15:50:33.720740,False
2021-10-14 15:56:01.327917,False
2021-10-14 16:01:30.767923,False
2021-10-14 16:06:59.964352,False
2021-10-14 16:12:28.509048,False
2021-10-14 16:17:55.508161,False
2021-10-14 16:23:24.002327,False
2021-10-14 16:28:52.198384,False
2021-10-14 16:34:21.327315,True
2021-10-14 16:39:51.215464,True
2021-10-14 16:45:21.065017,True
2021-10-14 16:50:50.783718,True
2021-10-14 16:56:19.478101,True
2021-10-14 17:01:50.434189,True
2021-10-14 17:07:21.129111,False
2021-10-14 17:12:48.846562,False
2021-10-14 17:18:16.601700,False
2021-10-14 17:23:44.024098,False
2021-10-14 17:29:11.963731,False
2021-10-14 17:34:40.859060,False
2021-10-14 17:40:10.653321,False
2021-10-14 17:45:38.144306,False
2021-10-14 17:51:06.556593,False
2021-10-14 17:56:34.438610,False
2021-10-14 18:02:01.886525,False
2021-10-14 18:07:29.728117,True
2021-10-14 18:13:01.322447,True
2021-10-14 18:18:29.945058,True
2021-10-14 18:24:00.282423,True
2021-10-14 18:29:29.640582,True
2021-10-14 18:34:58.921807,True
2021-10-14 18:40:29.281760,False
2021-10-14 18:45:58.271240,False
2021-10-14 18:51:25.389756,False
2021-10-14 18:56:52.932183,False
2021-10-14 19:02:20.438144,False
2021-10-14 19:07:49.436566,False
2021-10-14 19:13:18.291006,False
2021-10-14 19:18:46.935272,False
2021-10-14 19:24:15.506218,False
2021-10-14 19:29:44.391528,False
2021-10-14 19:35:12.828903,False
2021-10-14 19:40:40.992495,True
2021-10-14 19:46:11.889197,True
2021-10-14 19:51:40.899492,True
2021-10-14 19:57:11.333025,True
2021-10-14 20:02:40.475214,True
2021-10-14 20:08:09.719649,True
2021-10-14 20:13:38.665966,False
2021-10-14 20:19:08.034250,False
2021-10-14 20:24:36.617755,False
2021-10-14 20:30:05.524750,False
2021-10-14 20:35:34.075960,False
2021-10-14 20:41:01.668119,False
2021-10-14 20:46:30.337930,False
2021-10-14 20:51:57.913520,False
2021-10-14 20:57:25.554376,False
2021-10-14 21:02:54.965059,False
2021-10-14 21:08:22.707259,False
2021-10-14 21:13:50.059971,True
2021-10-14 21:19:21.360661,True
2021-10-14 21:24:51.878086,True
2021-10-14 21:30:20.951803,True
2021-10-14 21:35:50.875742,True
2021-10-14 21:41:20.266859,True
2021-10-14 21:46:49.297884,False
2021-10-14 21:52:18.457012,False
2021-10-14 21:57:45.954613,False
2021-10-14 22:03:13.350270,False
2021-10-14 22:08:42.283657,False
2021-10-14 22:14:10.139106,False
2021-10-14 22:19:38.248895,False
2021-10-14 22:25:07.442990,False
2021-10-14 22:30:35.181130,False
2021-10-14 22:36:03.988978,False
2021-10-14 22:41:32.412064,False
2021-10-14 22:47:01.139938,True
2021-10-14 22:52:30.479509,True
2021-10-14 22:58:01.208425,True
2021-10-14 23:03:31.616456,True
2021-10-14 23:09:00.127252,True
2021-10-14 23:14:28.910323,True
2021-10-14 23:19:58.777298,False
2021-10-14 23:25:27.028355,False
2021-10-14 23:30:55.598889,False
2021-10-14 23:36:23.557059,False
2021-10-14 23:41:51.214729,False
2021-10-14 23:47:18.960953,False
2021-10-14 23:52:47.481432,False
2021-10-14 23:58:15.995025,False
2021-10-15 00:03:43.909546,False
2021-10-15 00:09:12.543341,False
2021-10-15 00:14:40.989756,False
2021-10-15 00:20:09.180265,True
2021-10-15 00:25:39.169695,True
2021-10-15 00:31:09.468490,True
2021-10-15 00:36:38.449324,True
2021-10-15 00:42:06.974052,True
2021-10-15 00:47:35.717909,True
2021-10-15 00:53:05.162019,False
2021-10-15 00:58:32.890277,False
2021-10-15 01:04:01.156914,False
2021-10-15 01:09:30.054673,False
2021-10-15 01:14:58.443805,False
2021-10-15 01:20:25.762483,False
2021-10-15 01:25:55.003342,False
2021-10-15 01:31:23.867913,False
2021-10-15 01:36:52.216400,False
2021-10-15 01:42:20.132486,False
2021-10-15 01:47:48.699175,False
2021-10-15 01:53:16.024202,True
2021-10-15 01:58:46.401951,True
2021-10-15 02:04:17.285085,True
2021-10-15 02:09:47.239616,True
2021-10-15 02:15:16.491969,True
2021-10-15 02:20:45.164348,True
2021-10-15 02:26:14.800488,False
2021-10-15 02:31:43.695804,False
2021-10-15 02:37:12.007708,False
2021-10-15 02:42:39.195752,False
2021-10-15 02:48:07.308106,False
2021-10-15 02:53:36.363074,False
2021-10-15 02:59:05.408896,False
2021-10-15 03:04:33.045092,False
2021-10-15 03:10:00.683009,False
2021-10-15 03:15:28.883741,False
2021-10-15 03:20:56.437738,False
2021-10-15 03:26:24.543426,True
2021-10-15 03:31:53.241824,True
2021-10-15 03:37:23.821279,True
2021-10-15 03:42:52.866707,True
2021-10-15 03:48:21.872816,True
2021-10-15 03:53:50.867665,True
2021-10-15 03:59:19.783877,False
2021-10-15 04:04:47.643490,False
2021-10-15 04:10:16.340062,False
2021-10-15 04:15:44.461963,False
2021-10-15 04:21:13.262381,False
2021-10-15 04:26:42.047897,False
2021-10-15 04:32:10.327629,False
2021-10-15 04:37:37.323117,False
2021-10-15 04:43:05.774351,False
2021-10-15 04:48:34.713886,False
2021-10-15 04:54:01.844734,False
2021-10-15 04:59:29.771355,True
2021-10-15 05:04:59.679854,True
2021-10-15 05:10:29.565397,True
2021-10-15 05:15:58.871567,True
2021-10-15 05:21:29.716727,True
2021-10-15 05:26:59.270036,True
2021-10-15 05:32:29.537713,False
2021-10-15 05:37:57.569531,False
2021-10-15 05:43:26.639394,False
2021-10-15 05:48:54.836909,False
2021-10-15 05:54:22.732539,False
2021-10-15 05:59:50.838189,False
2021-10-15 06:05:17.809672,False
2021-10-15 06:10:46.832954,False
2021-10-15 06:16:16.455409,False
2021-10-15 06:21:46.203751,False
2021-10-15 06:27:15.224162,False
2021-10-15 06:32:44.453476,True
2021-10-15 06:38:13.868092,True
2021-10-15 06:43:43.335392,True
2021-10-15 06:49:12.824007,True
2021-10-15 06:54:41.404267,True
2021-10-15 07:00:10.041091,True
2021-10-15 07:05:39.123535,False
2021-10-15 07:11:06.989992,False
2021-10-15 07:16:34.292582,False
2021-10-15 07:22:04.710312,False
2021-10-15 07:27:33.515061,False
2021-10-15 07:33:00.571546,False
2021-10-15 07:38:27.656700,False
2021-10-15 07:43:55.589205,False
2021-10-15 07:49:24.801476,False
2021-10-15 07:54:53.035644,False
2021-10-15 08:00:19.978175,False
2021-10-15 08:05:47.247843,True
2021-10-15 08:11:16.520069,True
2021-10-15 08:16:45.331133,True
2021-10-15 08:22:16.333181,True
2021-10-15 08:27:45.830904,True
2021-10-15 08:33:15.832808,True
2021-10-15 08:38:45.144219,False
2021-10-15 08:44:13.118128,False
